[{"model": "auth.user", "pk": 1, "fields": {"password": "pbkdf2_sha256$150000$3eMlujtBXEPm$+rJZ94LNW1SErkccUMoFNr2hBcq8TqpVkS+adTDsmH4=", "last_login": "2020-04-19T13:03:25.944Z", "is_superuser": true, "username": "admin", "first_name": "", "last_name": "", "email": "nhanparty@gmail.com", "is_staff": true, "is_active": true, "date_joined": "2020-04-07T13:29:37.126Z", "groups": [], "user_permissions": []}}, {"model": "auth.user", "pk": 2, "fields": {"password": "pbkdf2_sha256$150000$CfDQGYj9sOGZ$awwKFYbog2NNt/io3eqyd2bR0f3UPvJIenaxW5HDwhw=", "last_login": "2020-04-19T13:30:04.159Z", "is_superuser": false, "username": "feeder", "first_name": "", "last_name": "", "email": "feeder3003@gmail.com", "is_staff": false, "is_active": true, "date_joined": "2020-04-07T13:33:19Z", "groups": [], "user_permissions": []}}, {"model": "auth.user", "pk": 3, "fields": {"password": "pbkdf2_sha256$150000$pOxxFAmYJUlh$2gQod0XcehEMF/kbZP3cVIfeeh9U86nzf+UfmNrcJcc=", "last_login": "2020-04-19T12:33:30.559Z", "is_superuser": false, "username": "feeder_temp", "first_name": "", "last_name": "", "email": "alwesjlasg@gmail.com", "is_staff": false, "is_active": true, "date_joined": "2020-04-08T11:57:28Z", "groups": [], "user_permissions": []}}, {"model": "auth.user", "pk": 4, "fields": {"password": "pbkdf2_sha256$150000$yRkXwuNomMzc$FPRRUeDqgpiK22LkLQZJZBpjLh0Wh2eDLlj8U3a/4G0=", "last_login": null, "is_superuser": false, "username": "feeder2", "first_name": "", "last_name": "", "email": "feeder3003@gmail.com", "is_staff": false, "is_active": false, "date_joined": "2020-04-11T10:14:53.088Z", "groups": [], "user_permissions": []}}, {"model": "auth.user", "pk": 5, "fields": {"password": "pbkdf2_sha256$150000$GTyJQu9xhLwt$fCBu2gDOJA3B3rL3PQy9dgNp7cbxGoeMRNku0TWi5sk=", "last_login": "2020-04-18T19:53:07.335Z", "is_superuser": false, "username": "feeder3", "first_name": "", "last_name": "", "email": "sir_darren1994@hotmail.com", "is_staff": false, "is_active": true, "date_joined": "2020-04-11T10:20:15.655Z", "groups": [], "user_permissions": []}}, {"model": "auth.user", "pk": 6, "fields": {"password": "pbkdf2_sha256$150000$DdsWGxjRFsAM$juwNLkBFhSyuG4q1BJCYttO6254bghCZIYc0Z2Wfbqk=", "last_login": "2020-04-15T17:25:10.625Z", "is_superuser": false, "username": "test", "first_name": "", "last_name": "", "email": "", "is_staff": false, "is_active": true, "date_joined": "2020-04-15T17:24:45.135Z", "groups": [], "user_permissions": []}}, {"model": "auth.user", "pk": 7, "fields": {"password": "pbkdf2_sha256$150000$C1tHDitfgmdT$rI52gH2iyrYRbPr/uX40VVGfqNKykS4HUFTefFbPE64=", "last_login": "2020-04-16T06:38:44.863Z", "is_superuser": false, "username": "test1", "first_name": "", "last_name": "", "email": "", "is_staff": false, "is_active": true, "date_joined": "2020-04-15T17:27:41.461Z", "groups": [], "user_permissions": []}}, {"model": "auth.user", "pk": 8, "fields": {"password": "pbkdf2_sha256$150000$2sEcS9aLBFcE$IqpbHlD+TYYkgACER4KT9/0NggAiAmWpKlmqXekQin8=", "last_login": "2020-04-16T06:39:06.931Z", "is_superuser": false, "username": "test2", "first_name": "", "last_name": "", "email": "", "is_staff": false, "is_active": true, "date_joined": "2020-04-15T17:27:52.944Z", "groups": [], "user_permissions": []}}, {"model": "auth.user", "pk": 9, "fields": {"password": "pbkdf2_sha256$150000$dxnVz509eVgb$CWTOZn0Zs/k8kSL/nHji9APtSnZZzRxJ7kJYc6YjlpQ=", "last_login": "2020-04-16T06:29:43.813Z", "is_superuser": false, "username": "test3", "first_name": "", "last_name": "", "email": "", "is_staff": false, "is_active": true, "date_joined": "2020-04-15T17:27:59.248Z", "groups": [], "user_permissions": []}}, {"model": "auth.user", "pk": 10, "fields": {"password": "pbkdf2_sha256$150000$hp4QoQFiVsAb$P93UUQShOuOVZSb0ZHuQ51U+vNzTeW+eO0tkXZJWCA4=", "last_login": "2020-04-16T06:33:10.362Z", "is_superuser": false, "username": "test4", "first_name": "", "last_name": "", "email": "", "is_staff": false, "is_active": true, "date_joined": "2020-04-15T17:28:05.972Z", "groups": [], "user_permissions": []}}, {"model": "auth.user", "pk": 11, "fields": {"password": "pbkdf2_sha256$150000$SHpHaaWPpLNP$Qkg91nb5I8EoAY+1NbF42bIvk4uiycQj8QqxXC111uQ=", "last_login": "2020-04-17T18:07:16.291Z", "is_superuser": false, "username": "test5", "first_name": "", "last_name": "", "email": "", "is_staff": false, "is_active": true, "date_joined": "2020-04-15T17:28:12.478Z", "groups": [], "user_permissions": []}}, {"model": "auth.user", "pk": 12, "fields": {"password": "pbkdf2_sha256$150000$aP7OX3lLvAvZ$LBAPy7ISsX7k2/26PPGWGgX6307/w3diqp7+HCrGE5M=", "last_login": null, "is_superuser": false, "username": "test6", "first_name": "", "last_name": "", "email": "", "is_staff": false, "is_active": true, "date_joined": "2020-04-15T17:28:18.904Z", "groups": [], "user_permissions": []}}, {"model": "auth.user", "pk": 13, "fields": {"password": "pbkdf2_sha256$150000$9P03YIS4b8BO$mbgVuGKvNk/VluvuVBTVwJHSGTZOTLt2VJ7tYpJO+80=", "last_login": null, "is_superuser": false, "username": "test7", "first_name": "", "last_name": "", "email": "", "is_staff": false, "is_active": true, "date_joined": "2020-04-15T17:28:25.624Z", "groups": [], "user_permissions": []}}, {"model": "auth.user", "pk": 14, "fields": {"password": "pbkdf2_sha256$150000$r91eYStPgLZt$91HdwczOho4v55sVI7Ozmv/YPKPrOQY1p7QKqWzhnwI=", "last_login": null, "is_superuser": false, "username": "test8", "first_name": "", "last_name": "", "email": "", "is_staff": false, "is_active": true, "date_joined": "2020-04-15T17:28:34.011Z", "groups": [], "user_permissions": []}}, {"model": "auth.user", "pk": 15, "fields": {"password": "pbkdf2_sha256$150000$jGfhlIAbjuBZ$e3VfQeqvWSVL6lwLm2a3LzgggzlXuJZD2V4MHXEY7ZU=", "last_login": "2020-04-17T13:48:14.890Z", "is_superuser": false, "username": "test9", "first_name": "", "last_name": "", "email": "", "is_staff": false, "is_active": true, "date_joined": "2020-04-15T17:28:41.413Z", "groups": [], "user_permissions": []}}, {"model": "auth.user", "pk": 16, "fields": {"password": "pbkdf2_sha256$150000$1RmZP1qO2CfF$BsCEwl6jeTTmqLnGPQnLGhOyX4YxT2lpzpwKkqua4V0=", "last_login": "2020-04-17T13:44:33.135Z", "is_superuser": false, "username": "test10", "first_name": "", "last_name": "", "email": "", "is_staff": false, "is_active": true, "date_joined": "2020-04-15T17:28:49.016Z", "groups": [], "user_permissions": []}}, {"model": "auth.user", "pk": 17, "fields": {"password": "pbkdf2_sha256$150000$8xb9mX59EjTX$QLHRu6fk/ft+GSNq6qliXEN0kRe+2RzZsEavumQe4NU=", "last_login": null, "is_superuser": false, "username": "test11", "first_name": "", "last_name": "", "email": "feeder3003@gmail.com", "is_staff": false, "is_active": false, "date_joined": "2020-04-16T06:52:47.866Z", "groups": [], "user_permissions": []}}, {"model": "auth.user", "pk": 50, "fields": {"password": "pbkdf2_sha256$150000$eshHHa3euBgb$/EuN8Oo3+Tr3LPWeqJkX1lUgvSb8cCk2Gbyle0bscEc=", "last_login": null, "is_superuser": false, "username": "hello", "first_name": "", "last_name": "", "email": "nhanapplication@gmail.com", "is_staff": false, "is_active": false, "date_joined": "2020-04-17T15:38:55.950Z", "groups": [], "user_permissions": []}}, {"model": "auth.user", "pk": 51, "fields": {"password": "pbkdf2_sha256$150000$CtH0pmQsb1Ly$Hy/L6gmwRRyo3cV7wNzyE2isf3GnIVyQpaKqYCoESvY=", "last_login": null, "is_superuser": false, "username": "hello2", "first_name": "", "last_name": "", "email": "feeder3003@gmail.com", "is_staff": false, "is_active": false, "date_joined": "2020-04-17T15:49:02.124Z", "groups": [], "user_permissions": []}}, {"model": "auth.user", "pk": 52, "fields": {"password": "pbkdf2_sha256$150000$nTttHjEztz6p$fATZRn5jmZzHo75lUC4pz6SHmijiHsY+0lgW0T5sdOY=", "last_login": null, "is_superuser": false, "username": "hi", "first_name": "", "last_name": "", "email": "asdf@example.com", "is_staff": false, "is_active": false, "date_joined": "2020-04-17T16:43:04.390Z", "groups": [], "user_permissions": []}}, {"model": "auth.user", "pk": 53, "fields": {"password": "pbkdf2_sha256$150000$nPHuXSg6uT9b$Zpdm9HXsAIV/aAXCURWkkiBs5p4vXpeCKwiaOz0KQ/c=", "last_login": null, "is_superuser": false, "username": "thisisnhan", "first_name": "", "last_name": "", "email": "nhan@example.com", "is_staff": false, "is_active": false, "date_joined": "2020-04-17T18:07:00.435Z", "groups": [], "user_permissions": []}}, {"model": "auth.user", "pk": 54, "fields": {"password": "pbkdf2_sha256$150000$NFaugEamk9rt$jamTW6p3YtbOtBPupkXM3DTI2zHWiEf35gbz9b42BUA=", "last_login": null, "is_superuser": false, "username": "123", "first_name": "", "last_name": "", "email": "email@email.com", "is_staff": false, "is_active": false, "date_joined": "2020-04-19T11:18:04.702Z", "groups": [], "user_permissions": []}}, {"model": "auth.user", "pk": 55, "fields": {"password": "pbkdf2_sha256$150000$BzhnjWZRYl1N$5fOiSvwXWGlPREZXMZAg+m9pBLvINuqcdWJvz+pRI/I=", "last_login": null, "is_superuser": false, "username": "test123", "first_name": "", "last_name": "", "email": "noobsonli@gmail.com", "is_staff": false, "is_active": false, "date_joined": "2020-04-19T11:24:05.360Z", "groups": [], "user_permissions": []}}, {"model": "sessions.session", "pk": "0qr7mfa7rnzt85qtos1oojlb09zpjtbr", "fields": {"session_data": "N2ZjNThlZTYwMWU2ZDk3ZTJiNmUxNWUyZGE0ZDBjNThlZjMwYWYwYzp7Il9hdXRoX3VzZXJfaWQiOiIxIiwiX2F1dGhfdXNlcl9iYWNrZW5kIjoiZGphbmdvLmNvbnRyaWIuYXV0aC5iYWNrZW5kcy5Nb2RlbEJhY2tlbmQiLCJfYXV0aF91c2VyX2hhc2giOiI4ZTM1MWQzZmQ1M2EzN2Q3NjIzOWI2NzVmYzk3NzU3MDlmMTNmMjY5In0=", "expire_date": "2020-05-03T13:03:25.948Z"}}, {"model": "sessions.session", "pk": "ktg4kaic3u0rhkedwlh7gbokjnxymumt", "fields": {"session_data": "N2ZjNThlZTYwMWU2ZDk3ZTJiNmUxNWUyZGE0ZDBjNThlZjMwYWYwYzp7Il9hdXRoX3VzZXJfaWQiOiIxIiwiX2F1dGhfdXNlcl9iYWNrZW5kIjoiZGphbmdvLmNvbnRyaWIuYXV0aC5iYWNrZW5kcy5Nb2RlbEJhY2tlbmQiLCJfYXV0aF91c2VyX2hhc2giOiI4ZTM1MWQzZmQ1M2EzN2Q3NjIzOWI2NzVmYzk3NzU3MDlmMTNmMjY5In0=", "expire_date": "2020-04-24T12:21:48.374Z"}}, {"model": "sessions.session", "pk": "m5fvwqtpicjhrx5qvcs9gevzx8u19lel", "fields": {"session_data": "N2ZjNThlZTYwMWU2ZDk3ZTJiNmUxNWUyZGE0ZDBjNThlZjMwYWYwYzp7Il9hdXRoX3VzZXJfaWQiOiIxIiwiX2F1dGhfdXNlcl9iYWNrZW5kIjoiZGphbmdvLmNvbnRyaWIuYXV0aC5iYWNrZW5kcy5Nb2RlbEJhY2tlbmQiLCJfYXV0aF91c2VyX2hhc2giOiI4ZTM1MWQzZmQ1M2EzN2Q3NjIzOWI2NzVmYzk3NzU3MDlmMTNmMjY5In0=", "expire_date": "2020-04-21T13:29:49.103Z"}}, {"model": "sessions.session", "pk": "vrfbw1g7yszvin99ldijxtp7xgqjhuju", "fields": {"session_data": "N2ZjNThlZTYwMWU2ZDk3ZTJiNmUxNWUyZGE0ZDBjNThlZjMwYWYwYzp7Il9hdXRoX3VzZXJfaWQiOiIxIiwiX2F1dGhfdXNlcl9iYWNrZW5kIjoiZGphbmdvLmNvbnRyaWIuYXV0aC5iYWNrZW5kcy5Nb2RlbEJhY2tlbmQiLCJfYXV0aF91c2VyX2hhc2giOiI4ZTM1MWQzZmQ1M2EzN2Q3NjIzOWI2NzVmYzk3NzU3MDlmMTNmMjY5In0=", "expire_date": "2020-05-03T09:55:09.376Z"}}, {"model": "authtoken.token", "pk": "1a5a748998e341b37bf287954cc8874d3c53a19d", "fields": {"user": 15, "created": "2020-04-17T13:48:14.888Z"}}, {"model": "authtoken.token", "pk": "3df47ae9855eb1af8439510c35af7ec0c81a2e20", "fields": {"user": 2, "created": "2020-04-19T13:27:47.821Z"}}, {"model": "authtoken.token", "pk": "3e154650a70496ace5979fdd52de45a6e4e1e4fd", "fields": {"user": 9, "created": "2020-04-16T06:29:43.809Z"}}, {"model": "authtoken.token", "pk": "4b664bafe9eb83d9e8918e33951e8a5f6904ff66", "fields": {"user": 8, "created": "2020-04-16T06:22:16.395Z"}}, {"model": "authtoken.token", "pk": "61f35847f1880ad20ccfe18328de256f489baff8", "fields": {"user": 5, "created": "2020-04-18T19:53:07.330Z"}}, {"model": "authtoken.token", "pk": "b78d1c4e0f616a9296b1ef86957704c006cd1c44", "fields": {"user": 6, "created": "2020-04-15T17:25:10.608Z"}}, {"model": "authtoken.token", "pk": "d34b3dc24cf9281f829a9ecce8cfc5f68dc54148", "fields": {"user": 3, "created": "2020-04-15T16:42:41.133Z"}}, {"model": "authtoken.token", "pk": "dc1382e751cc7906ae3259bc67dcd856dc9a2c6d", "fields": {"user": 10, "created": "2020-04-16T06:32:17.846Z"}}, {"model": "account.avatar", "pk": 1, "fields": {"gender": 1, "level": 1, "experience": 35, "gold": 35, "hp": 100, "attack": 10, "clan": null, "user": 3, "clan_owner": null}}, {"model": "account.avatar", "pk": 2, "fields": {"gender": 2, "level": 1, "experience": 110, "gold": 110, "hp": 100, "attack": 10, "clan": null, "user": 2, "clan_owner": null}}, {"model": "account.avatar", "pk": 3, "fields": {"gender": 1, "level": 1, "experience": 5, "gold": 5, "hp": 100, "attack": 10, "clan": null, "user": 5, "clan_owner": null}}, {"model": "account.avatar", "pk": 4, "fields": {"gender": 1, "level": 1, "experience": 0, "gold": 0, "hp": 100, "attack": 10, "clan": null, "user": 6, "clan_owner": null}}, {"model": "account.avatar", "pk": 5, "fields": {"gender": 1, "level": 1, "experience": 0, "gold": 0, "hp": 100, "attack": 10, "clan": null, "user": 7, "clan_owner": null}}, {"model": "account.avatar", "pk": 6, "fields": {"gender": 2, "level": 1, "experience": 0, "gold": 0, "hp": 100, "attack": 10, "clan": null, "user": 8, "clan_owner": null}}, {"model": "account.avatar", "pk": 7, "fields": {"gender": 1, "level": 1, "experience": 0, "gold": 0, "hp": 100, "attack": 10, "clan": null, "user": 9, "clan_owner": null}}, {"model": "account.avatar", "pk": 8, "fields": {"gender": 2, "level": 1, "experience": 0, "gold": 0, "hp": 100, "attack": 10, "clan": null, "user": 10, "clan_owner": null}}, {"model": "account.avatar", "pk": 9, "fields": {"gender": 1, "level": 1, "experience": 0, "gold": 0, "hp": 100, "attack": 10, "clan": null, "user": 11, "clan_owner": null}}, {"model": "account.avatar", "pk": 41, "fields": {"gender": 1, "level": 1, "experience": 0, "gold": 0, "hp": 100, "attack": 10, "clan": null, "user": 16, "clan_owner": null}}, {"model": "account.avatar", "pk": 42, "fields": {"gender": 2, "level": 1, "experience": 0, "gold": 0, "hp": 100, "attack": 10, "clan": null, "user": 15, "clan_owner": null}}, {"model": "course.course", "pk": "CZ1007", "fields": {"course_name": "Data Structures", "description": "This Course teaches Data Structures."}}, {"model": "course.course", "pk": "CZ2006", "fields": {"course_name": "Software Engineering", "description": "This course teaches Software Engineering."}}, {"model": "course.section", "pk": 17, "fields": {"course": "CZ2006", "level": 1, "topic": "Requirement Engineering", "description": "This is Requirement Engineering section."}}, {"model": "course.section", "pk": 18, "fields": {"course": "CZ2006", "level": 2, "topic": "System Modelling", "description": "This is System Modelling section."}}, {"model": "course.section", "pk": 19, "fields": {"course": "CZ2006", "level": 3, "topic": "Software Design", "description": "This is Software Design section."}}, {"model": "course.section", "pk": 20, "fields": {"course": "CZ2006", "level": 4, "topic": "Architectural Design", "description": "This is Architectural Design section."}}, {"model": "course.section", "pk": 21, "fields": {"course": "CZ2006", "level": 5, "topic": "Software Testing", "description": "This is Software Testing section."}}, {"model": "course.section", "pk": 22, "fields": {"course": "CZ1007", "level": 1, "topic": "Stacks", "description": "This is Stacks section."}}, {"model": "course.section", "pk": 23, "fields": {"course": "CZ1007", "level": 2, "topic": "Arrays Types", "description": "This is Arrays Types section"}}, {"model": "course.section", "pk": 24, "fields": {"course": "CZ1007", "level": 3, "topic": "Trees", "description": "This is Trees section."}}, {"model": "course.section", "pk": 25, "fields": {"course": "CZ1007", "level": 4, "topic": "Heap", "description": "This is Heap section."}}, {"model": "course.section", "pk": 26, "fields": {"course": "CZ1007", "level": 5, "topic": "Hash Tables", "description": "This is Hash Tables section."}}, {"model": "course.section", "pk": 27, "fields": {"course": "CZ1007", "level": 6, "topic": "Graph", "description": "This is Graph section."}}, {"model": "course.question", "pk": 5, "fields": {"name": "1", "difficulty": 2, "question": "What are the types of requirements ?", "option1": "Availability", "option2": "Reliability", "option3": "Usability", "option4": "All of the mentioned", "answer": 4, "section": 17, "user_list": []}}, {"model": "course.question", "pk": 6, "fields": {"name": "2", "difficulty": 3, "question": "Select the developer-specific requirement ?", "option1": "Portability", "option2": "Maintainability", "option3": "Availability", "option4": "Both Portability and Maintainability", "answer": 4, "section": 17, "user_list": []}}, {"model": "course.question", "pk": 7, "fields": {"name": "3", "difficulty": 5, "question": "Which one of the following is not a step of requirement engineering?", "option1": "elicitation", "option2": "design", "option3": "analysis", "option4": "documentation", "answer": 2, "section": 17, "user_list": []}}, {"model": "course.question", "pk": 8, "fields": {"name": "4", "difficulty": 4, "question": "The user system requirements are the parts of which document ?", "option1": "SDD", "option2": "SRS", "option3": "DDD", "option4": "SRD", "answer": 2, "section": 17, "user_list": []}}, {"model": "course.question", "pk": 9, "fields": {"name": "5", "difficulty": 1, "question": "Which is one of the most important stakeholder from the following ?", "option1": "Entry level personnel", "option2": "Middle level stakeholder", "option3": "Managers", "option4": "Users of the software", "answer": 4, "section": 17, "user_list": []}}, {"model": "course.question", "pk": 10, "fields": {"name": "6", "difficulty": 2, "question": "Which one of the following is a functional requirement ?", "option1": "Maintainability", "option2": "Portability", "option3": "Robustness", "option4": "None of the mentioned", "answer": 4, "section": 17, "user_list": []}}, {"model": "course.question", "pk": 11, "fields": {"name": "7", "difficulty": 5, "question": "Which one of the following is a requirement that fits in a developer\u2019s module ?", "option1": "Availability", "option2": "Testability", "option3": "Usability", "option4": "Flexibility", "answer": 2, "section": 17, "user_list": []}}, {"model": "course.question", "pk": 12, "fields": {"name": "8", "difficulty": 1, "question": "\u201cConsider a system where, a heat sensor detects an intrusion and alerts the security company.\u201d What kind of a requirement the system is providing?", "option1": "Functional", "option2": "Non-Functional", "option3": "Known Requirement", "option4": "None of the mentioned", "answer": 1, "section": 17, "user_list": []}}, {"model": "course.question", "pk": 13, "fields": {"name": "9", "difficulty": 4, "question": "What are the four dimensions of Dependability ?", "option1": "Usability, Reliability, Security, Flexibility", "option2": "Availability, Reliability, Maintainability, Security", "option3": "Availability, Reliability, Security, Safety", "option4": "Security, Safety, Testability, Usability", "answer": 3, "section": 17, "user_list": []}}, {"model": "course.question", "pk": 14, "fields": {"name": "10", "difficulty": 5, "question": "Which of the following is not a diagram studied in Requirement Analysis ?", "option1": "Use Cases", "option2": "Entity Relationship Diagram", "option3": "State Transition Diagram", "option4": "Activity Diagram", "answer": 4, "section": 17, "user_list": []}}, {"model": "course.question", "pk": 15, "fields": {"name": "11", "difficulty": 5, "question": "How many feasibility studies is conducted in Requirement Analysis ?", "option1": "Two", "option2": "Three", "option3": "Four", "option4": "None of the mentioned", "answer": 2, "section": 17, "user_list": []}}, {"model": "course.question", "pk": 16, "fields": {"name": "12", "difficulty": 5, "question": "How many phases are there in Requirement Analysis ?", "option1": "3", "option2": "4", "option3": "5", "option4": "6", "answer": 3, "section": 17, "user_list": []}}, {"model": "course.question", "pk": 17, "fields": {"name": "13", "difficulty": 1, "question": "Requirements analysis is critical to the success of a development project.", "option1": "True", "option2": "False", "option3": "Depends upon the size of project", "option4": "None of the mentioned", "answer": 1, "section": 17, "user_list": []}}, {"model": "course.question", "pk": 18, "fields": {"name": "14", "difficulty": 3, "question": "_________ and _________ are the two issues of Requirement Analysis.", "option1": "Performance, Design", "option2": "Stakeholder, Developer", "option3": "Functional, Non-Functional", "option4": "None of the mentioned", "answer": 2, "section": 17, "user_list": []}}, {"model": "course.question", "pk": 19, "fields": {"name": "15", "difficulty": 4, "question": "The requirements that result from requirements analysis are typically expressed from one of three perspectives or views.What is that perspective or view ?", "option1": "Developer", "option2": "User", "option3": "Non-functional", "option4": "Physical", "answer": 1, "section": 17, "user_list": []}}, {"model": "course.question", "pk": 20, "fields": {"name": "1", "difficulty": 3, "question": "The Unified Modeling Language (UML) has become an effective standard for software modelling. How many different notations does it have?", "option1": "3", "option2": "4", "option3": "6", "option4": "9", "answer": 4, "section": 18, "user_list": []}}, {"model": "course.question", "pk": 21, "fields": {"name": "2", "difficulty": 5, "question": "Which model in system modelling depicts the dynamic behaviour of the system?", "option1": "Context Model", "option2": "Behavioral Model", "option3": "Data Model", "option4": "Object Model", "answer": 2, "section": 18, "user_list": []}}, {"model": "course.question", "pk": 22, "fields": {"name": "3", "difficulty": 2, "question": "Which model in system modelling depicts the static nature of the system ?", "option1": "Behavioral Model", "option2": "Context Model", "option3": "Data Model", "option4": "Structural Model", "answer": 4, "section": 18, "user_list": []}}, {"model": "course.question", "pk": 23, "fields": {"name": "4", "difficulty": 3, "question": "Which perspective in system modelling shows the system or data architecture.", "option1": "Structural perspective", "option2": "Behavioral perspective", "option3": "External perspective", "option4": "All of the mentioned", "answer": 1, "section": 18, "user_list": []}}, {"model": "course.question", "pk": 24, "fields": {"name": "5", "difficulty": 4, "question": "The UML supports event-based modeling using ____________ diagrams.", "option1": "Deployment", "option2": "Collaboration", "option3": "State chart", "option4": "All of the mentioned", "answer": 3, "section": 18, "user_list": []}}, {"model": "course.question", "pk": 25, "fields": {"name": "6", "difficulty": 5, "question": "Which of the following diagram is not supported by UML considering Data-driven modeling?", "option1": "Activity", "option2": "Data Flow Diagram (DFD)", "option3": "State Chart", "option4": "Component", "answer": 2, "section": 18, "user_list": []}}, {"model": "course.question", "pk": 26, "fields": {"name": "7", "difficulty": 5, "question": "_________________ allows us to infer that different members of classes have some common characteristics.", "option1": "Realization", "option2": "Aggregation", "option3": "Generalization", "option4": "dependency", "answer": 3, "section": 18, "user_list": []}}, {"model": "course.question", "pk": 27, "fields": {"name": "8", "difficulty": 3, "question": "______________ & ______________ diagrams of UML represent Interaction modeling.", "option1": "Use Case, Sequence", "option2": "Class, Object", "option3": "Activity, State Chart", "option4": "All of the mentioned", "answer": 1, "section": 18, "user_list": []}}, {"model": "course.question", "pk": 28, "fields": {"name": "9", "difficulty": 1, "question": "Which level of Entity Relationship Diagram (ERD) models all entities and relationships ?", "option1": "Level 1", "option2": "Level 2", "option3": "Level 3", "option4": "Level 4", "answer": 2, "section": 18, "user_list": []}}, {"model": "course.question", "pk": 29, "fields": {"name": "10", "difficulty": 4, "question": "___________ classes are used to create the interface that the user sees and interacts with as the software is used.", "option1": "Controller", "option2": "Entity", "option3": "Boundary", "option4": "Business", "answer": 3, "section": 18, "user_list": []}}, {"model": "course.question", "pk": 30, "fields": {"name": "1", "difficulty": 3, "question": "Which is the first step in the software development life cycle ?", "option1": "Analysis", "option2": "Design", "option3": "Problem/Opportunity Identification", "option4": "Development and Documentation", "answer": 3, "section": 19, "user_list": []}}, {"model": "course.question", "pk": 31, "fields": {"name": "2", "difficulty": 5, "question": "Which tool is use for structured designing ?", "option1": "Program flowchart", "option2": "Structure chart", "option3": "Data-flow diagram", "option4": "Module", "answer": 2, "section": 19, "user_list": []}}, {"model": "course.question", "pk": 32, "fields": {"name": "3", "difficulty": 2, "question": "A step by step instruction used to solve a problem is known as", "option1": "Sequential structure", "option2": "A List", "option3": "A plan", "option4": "An Algorithm", "answer": 4, "section": 19, "user_list": []}}, {"model": "course.question", "pk": 33, "fields": {"name": "4", "difficulty": 5, "question": "In the Analysis phase, the development of the ____________ occurs, which is a clear statement of the goals and objectives of the project.", "option1": "documentation", "option2": "flowchart", "option3": "program specification", "option4": "design", "answer": 3, "section": 19, "user_list": []}}, {"model": "course.question", "pk": 34, "fields": {"name": "5", "difficulty": 2, "question": "Actual programming of software code is done during the ____________ step in the SDLC.", "option1": "Maintenance and Evaluation", "option2": "Design", "option3": "Analysis", "option4": "Development and Documentation", "answer": 4, "section": 19, "user_list": []}}, {"model": "course.question", "pk": 35, "fields": {"name": "6", "difficulty": 3, "question": "Who designs and implement database structures.", "option1": "Programmers", "option2": "Project managers", "option3": "Technical writers", "option4": "Database administrators", "answer": 4, "section": 19, "user_list": []}}, {"model": "course.question", "pk": 36, "fields": {"name": "7", "difficulty": 5, "question": "____________ is the process of translating a task into a series of commands that a computer will use to perform that task.", "option1": "Project design", "option2": "Installation", "option3": "Systems analysis", "option4": "Programming", "answer": 4, "section": 19, "user_list": []}}, {"model": "course.question", "pk": 37, "fields": {"name": "8", "difficulty": 1, "question": "Debugging is:", "option1": "creating program code", "option2": "finding and correcting errors in the program code", "option3": "identifying the task to be computerized", "option4": "creating the algorithm", "answer": 2, "section": 19, "user_list": []}}, {"model": "course.question", "pk": 38, "fields": {"name": "9", "difficulty": 2, "question": "In Design phase, which is the primary area of concern ?", "option1": "Architecture", "option2": "Data", "option3": "Interface", "option4": "All of the mentioned", "answer": 4, "section": 19, "user_list": []}}, {"model": "course.question", "pk": 39, "fields": {"name": "10", "difficulty": 3, "question": "The importance of software design can be summarized in a single word which is:", "option1": "Efficiency", "option2": "Accuracy", "option3": "Quality", "option4": "Complexity", "answer": 3, "section": 19, "user_list": []}}, {"model": "course.question", "pk": 40, "fields": {"name": "1", "difficulty": 3, "question": "A ________ view shows the system hardware and how software components are distributed across the processors in the system.", "option1": "physical", "option2": "logical", "option3": "process", "option4": "all of the mentioned", "answer": 1, "section": 20, "user_list": []}}, {"model": "course.question", "pk": 41, "fields": {"name": "2", "difficulty": 4, "question": "The UML was designed for describing _________", "option1": "object-oriented systems", "option2": "architectural design", "option3": "SRS", "option4": "Both object-oriented systems and Architectural design", "answer": 4, "section": 20, "user_list": []}}, {"model": "course.question", "pk": 42, "fields": {"name": "5", "difficulty": 2, "question": "Which of the following pattern is the basis of interaction management in many web-based systems?", "option1": "architecture", "option2": "repository pattern", "option3": "model-view-controller", "option4": "different operating system", "answer": 3, "section": 20, "user_list": []}}, {"model": "course.question", "pk": 43, "fields": {"name": "6", "difficulty": 5, "question": "What describes how a set of interacting components can share data?", "option1": "model-view-controller", "option2": "architecture pattern", "option3": "repository pattern", "option4": "none of the mentioned", "answer": 3, "section": 20, "user_list": []}}, {"model": "course.question", "pk": 44, "fields": {"name": "7", "difficulty": 1, "question": "Which view in architectural design shows the key abstractions in the system as objects or object classes?", "option1": "physical", "option2": "development", "option3": "logical", "option4": "process", "answer": 3, "section": 20, "user_list": []}}, {"model": "course.question", "pk": 45, "fields": {"name": "8", "difficulty": 5, "question": "Which of the following is a type of Architectural Model?", "option1": "Static structural model", "option2": "Dynamic process model", "option3": "Distribution model", "option4": "All of the mentioned", "answer": 4, "section": 20, "user_list": []}}, {"model": "course.question", "pk": 46, "fields": {"name": "9", "difficulty": 3, "question": "Which of the following type describes application architectures?", "option1": "Transaction processing applications", "option2": "Language processing systems", "option3": "Client management systems", "option4": "Transaction processing applications and Language processing systems", "answer": 4, "section": 20, "user_list": []}}, {"model": "course.question", "pk": 47, "fields": {"name": "10", "difficulty": 3, "question": "All the operations in a transaction need to be completed before the database changes are made ________", "option1": "functional", "option2": "available to the users", "option3": "permanent", "option4": "none of the mentioned", "answer": 2, "section": 20, "user_list": []}}, {"model": "course.question", "pk": 48, "fields": {"name": "1", "difficulty": 3, "question": "Which of the following term describes testing?", "option1": "Finding broken code", "option2": "Evaluating deliverable to find errors", "option3": "A stage of all projects", "option4": "None of the mentioned", "answer": 2, "section": 21, "user_list": []}}, {"model": "course.question", "pk": 49, "fields": {"name": "2", "difficulty": 5, "question": "What is Cyclomatic complexity?", "option1": "Black box testing", "option2": "White box testing", "option3": "Yellow box testing", "option4": "Green box testing", "answer": 2, "section": 21, "user_list": []}}, {"model": "course.question", "pk": 50, "fields": {"name": "3", "difficulty": 1, "question": "Lower and upper limits are present in which chart?", "option1": "Run chart", "option2": "Bar chart", "option3": "Control chart", "option4": "None of the mentioned", "answer": 1, "section": 21, "user_list": []}}, {"model": "course.question", "pk": 51, "fields": {"name": "4", "difficulty": 3, "question": "Maintenance testing is performed using which methodology?", "option1": "Retesting", "option2": "Sanity testing", "option3": "Breadth test and depth test", "option4": "Confirmation testing", "answer": 3, "section": 21, "user_list": []}}, {"model": "course.question", "pk": 52, "fields": {"name": "5", "difficulty": 1, "question": "White Box techniques are also classified as", "option1": "Design based testing", "option2": "Structural testing", "option3": "Error guessing technique", "option4": "None of the mentioned", "answer": 2, "section": 21, "user_list": []}}, {"model": "course.question", "pk": 53, "fields": {"name": "6", "difficulty": 5, "question": "Exhaustive testing is", "option1": "always possible", "option2": "practically possible", "option3": "impractical but possible", "option4": "impractical and impossible", "answer": 3, "section": 21, "user_list": []}}, {"model": "course.question", "pk": 54, "fields": {"name": "7", "difficulty": 3, "question": "Which of the following is/are White box technique?", "option1": "Statement Testing", "option2": "Decision Testing", "option3": "Condition Coverage", "option4": "All of the mentioned", "answer": 4, "section": 21, "user_list": []}}, {"model": "course.question", "pk": 55, "fields": {"name": "8", "difficulty": 2, "question": "What are the various Testing Levels?", "option1": "Unit Testing", "option2": "System Testing", "option3": "Integration Testing", "option4": "All of the mentioned", "answer": 4, "section": 21, "user_list": []}}, {"model": "course.question", "pk": 56, "fields": {"name": "9", "difficulty": 1, "question": "Boundary value analysis belong to?", "option1": "White Box Testing", "option2": "Black Box Testing", "option3": "White Box & Black Box Testing", "option4": "None of the mentioned", "answer": 2, "section": 21, "user_list": []}}, {"model": "course.question", "pk": 57, "fields": {"name": "10", "difficulty": 3, "question": "Alpha testing is done at", "option1": "Developer\u2019s end", "option2": "User\u2019s end", "option3": "Developer\u2019s & User\u2019s end", "option4": "None of the mentioned", "answer": 1, "section": 21, "user_list": []}}, {"model": "course.question", "pk": 58, "fields": {"name": "1", "difficulty": 2, "question": "Process of inserting an element in stack is called ____________", "option1": "Create", "option2": "Push", "option3": "Evaluation", "option4": "Pop", "answer": 2, "section": 22, "user_list": []}}, {"model": "course.question", "pk": 59, "fields": {"name": "2", "difficulty": 3, "question": "Process of removing an element from stack is called __________", "option1": "Create", "option2": "Push", "option3": "Evaluation", "option4": "Pop", "answer": 4, "section": 22, "user_list": []}}, {"model": "course.question", "pk": 60, "fields": {"name": "3", "difficulty": 4, "question": "In a stack, if a user tries to remove an element from empty stack it is called _________", "option1": "Underflow", "option2": "Empty collection", "option3": "Overflow", "option4": "Garbage Collection", "answer": 1, "section": 22, "user_list": []}}, {"model": "course.question", "pk": 61, "fields": {"name": "4", "difficulty": 3, "question": "Pushing an element into stack already having five elements and stack size of 5, then stack becomes", "option1": "Overflow", "option2": "Crash", "option3": "Underflow", "option4": "User Flow", "answer": 1, "section": 22, "user_list": []}}, {"model": "course.question", "pk": 62, "fields": {"name": "5", "difficulty": 5, "question": "Entries in a stack are \u201cordered\u201d. What is the meaning of this statement?", "option1": "A collection of stacks is sortable", "option2": "Stack entries may be compared with the \u2018<\u2018 operation", "option3": "The entries are stored in a linked list", "option4": "There is a Sequential entry that is one by one", "answer": 4, "section": 22, "user_list": []}}, {"model": "course.question", "pk": 63, "fields": {"name": "6", "difficulty": 1, "question": "Which of the following applications may use a stack?", "option1": "A parentheses balancing program", "option2": "Tracking of local variables at run time", "option3": "Compiler Syntax Analyzer", "option4": "Data Transfer between two asynchronous process", "answer": 4, "section": 22, "user_list": []}}, {"model": "course.question", "pk": 64, "fields": {"name": "7", "difficulty": 5, "question": "The data structure required to check whether an expression contains balanced parenthesis is?", "option1": "Stack", "option2": "Queue", "option3": "Array", "option4": "Tree", "answer": 1, "section": 22, "user_list": []}}, {"model": "course.question", "pk": 65, "fields": {"name": "8", "difficulty": 3, "question": "What data structure would you mostly likely see in a non recursive implementation of a recursive algorithm?", "option1": "Linked List", "option2": "Stack", "option3": "Queue", "option4": "Tree", "answer": 2, "section": 22, "user_list": []}}, {"model": "course.question", "pk": 66, "fields": {"name": "9", "difficulty": 4, "question": "Which of the following is not an inherent application of stack?", "option1": "Reversing a string", "option2": "Evaluation of postfix expression", "option3": "Implementation of recursion", "option4": "Job scheduling", "answer": 4, "section": 22, "user_list": []}}, {"model": "course.question", "pk": 67, "fields": {"name": "10", "difficulty": 3, "question": "The type of expression in which operator succeeds its operands is?", "option1": "Infix Expression", "option2": "Prefix Expression", "option3": "Postfix Expression", "option4": "Both Prefix and Postfix Expressions", "answer": 3, "section": 22, "user_list": []}}, {"model": "course.question", "pk": 68, "fields": {"name": "1", "difficulty": 4, "question": "What is the time complexity of pop() operation when the stack is implemented using an array?", "option1": "O(1)", "option2": "O(n)", "option3": "O(logn)", "option4": "O(nlogn)", "answer": 1, "section": 23, "user_list": []}}, {"model": "course.question", "pk": 69, "fields": {"name": "2", "difficulty": 5, "question": "Which of the following array position will be occupied by a new element being pushed for a stack of size N elements(capacity of stack > N).", "option1": "S[N-1]", "option2": "S[N]", "option3": "S[1]", "option4": "S[0]", "answer": 2, "section": 23, "user_list": []}}, {"model": "course.question", "pk": 70, "fields": {"name": "3", "difficulty": 1, "question": "Array implementation of Stack is not dynamic, which of the following statements supports this argument?", "option1": "space allocation for array is fixed and cannot be changed during run-time", "option2": "user unable to give the input for stack operations", "option3": "a runtime exception halts execution", "option4": "improper program compilation", "answer": 1, "section": 23, "user_list": []}}, {"model": "course.question", "pk": 71, "fields": {"name": "4", "difficulty": 5, "question": "Which of the following array element will return the top-of-the-stack-element for a stack of size N elements(capacity of stack > N).", "option1": "S[N-1]", "option2": "S[N]", "option3": "S[N-2]", "option4": "S[N+1]", "answer": 1, "section": 23, "user_list": []}}, {"model": "course.question", "pk": 72, "fields": {"name": "5", "difficulty": 3, "question": "What is a dynamic array?", "option1": "A variable size data structure", "option2": "An array which is created at runtime", "option3": "The memory to the array is allocated at runtime", "option4": "An array which is reallocated everytime whenever new elements have to be added", "answer": 1, "section": 23, "user_list": []}}, {"model": "course.question", "pk": 73, "fields": {"name": "6", "difficulty": 5, "question": "What is meant by physical size in a dynamic array?", "option1": "The size allocated to elements", "option2": "The size extended to add new elements", "option3": "The size of the underlying array at the back-end", "option4": "The size visible to users", "answer": 3, "section": 23, "user_list": []}}, {"model": "course.question", "pk": 74, "fields": {"name": "7", "difficulty": 1, "question": "The number of items used by the dynamic array contents is its __________", "option1": "Physical size", "option2": "Capacity", "option3": "Logical size", "option4": "Random size", "answer": 3, "section": 23, "user_list": []}}, {"model": "course.question", "pk": 75, "fields": {"name": "8", "difficulty": 2, "question": "How will you implement dynamic arrays in Java?", "option1": "Set", "option2": "Map", "option3": "HashMap", "option4": "List", "answer": 4, "section": 23, "user_list": []}}, {"model": "course.question", "pk": 76, "fields": {"name": "9", "difficulty": 1, "question": "Array is divided into two parts in ____________", "option1": "Hashed Array Tree", "option2": "Geometric Array", "option3": "Bounded-size dynamic array", "option4": "Sparse Array", "answer": 3, "section": 23, "user_list": []}}, {"model": "course.question", "pk": 77, "fields": {"name": "10", "difficulty": 3, "question": "What is the time complexity for inserting/deleting at the beginning of the array?", "option1": "O(1)", "option2": "O(n)", "option3": "O(logn)", "option4": "O(nlogn)", "answer": 2, "section": 23, "user_list": []}}, {"model": "course.question", "pk": 78, "fields": {"name": "1", "difficulty": 3, "question": "How many children does a binary tree have?", "option1": "2", "option2": "any number of children", "option3": "0 or 1 or 2", "option4": "0 or 1", "answer": 3, "section": 24, "user_list": []}}, {"model": "course.question", "pk": 79, "fields": {"name": "2", "difficulty": 3, "question": "What is/are the disadvantages of implementing tree using normal arrays?", "option1": "difficulty in knowing children nodes of a node", "option2": "difficult in finding the parent of a node", "option3": "have to know the maximum number of nodes possible before creation of trees", "option4": "difficult to implement", "answer": 3, "section": 24, "user_list": []}}, {"model": "course.question", "pk": 80, "fields": {"name": "3", "difficulty": 5, "question": "What are the children for node \u2018w\u2019 of a complete-binary tree in an array representation?", "option1": "2w and 2w+1", "option2": "2+w and 2-w", "option3": "w+1/2 and w/2", "option4": "w-1/2 and w+1/2", "answer": 1, "section": 24, "user_list": []}}, {"model": "course.question", "pk": 81, "fields": {"name": "4", "difficulty": 1, "question": "If the tree is not a complete binary tree then what changes can be made for easy access of children of a node in the array?", "option1": "every node stores data saying which of its children exist in the array", "option2": "no need of any changes continue with 2w and 2w+1, if node is at i", "option3": "keep a seperate table telling children of a node", "option4": "use another array parallel to the array with tree", "answer": 1, "section": 24, "user_list": []}}, {"model": "course.question", "pk": 82, "fields": {"name": "5", "difficulty": 2, "question": "Can a tree stored in an array using either one of inorder or post order or pre order traversals be again reformed?", "option1": "Yes just traverse through the array and form the tree", "option2": "No we need one more traversal to form a tree", "option3": "No in case of sparse trees", "option4": "Yes by using both inorder and array elements", "answer": 2, "section": 24, "user_list": []}}, {"model": "course.question", "pk": 83, "fields": {"name": "6", "difficulty": 1, "question": "Advantages of linked list representation of binary trees over arrays?", "option1": "dynamic size", "option2": "ease of insertion/deletion", "option3": "ease in randomly accessing a node", "option4": "both dynamic size and ease in insertion/deletion", "answer": 4, "section": 24, "user_list": []}}, {"model": "course.question", "pk": 84, "fields": {"name": "7", "difficulty": 3, "question": "Disadvantages of linked list representation of binary trees over arrays?", "option1": "Randomly accessing is not possible", "option2": "Extra memory for a pointer is needed with every element in the list", "option3": "Difficulty in deletion", "option4": "Random access is not possible and extra memory with every element", "answer": 4, "section": 24, "user_list": []}}, {"model": "course.question", "pk": 85, "fields": {"name": "8", "difficulty": 5, "question": "Which of the following traversing algorithm is not used to traverse in a tree?", "option1": "Post order", "option2": "Pre order", "option3": "Post order", "option4": "Randomized", "answer": 4, "section": 24, "user_list": []}}, {"model": "course.question", "pk": 86, "fields": {"name": "9", "difficulty": 3, "question": "Level order traversal of a tree is formed with the help of", "option1": "breadth first search", "option2": "depth first search", "option3": "dijkstra\u2019s algorithm", "option4": "prims algorithm", "answer": 1, "section": 24, "user_list": []}}, {"model": "course.question", "pk": 87, "fields": {"name": "10", "difficulty": 4, "question": "Identify the reason which doesn\u2019t play a key role to use threaded binary trees?", "option1": "The storage required by stack and queue is more", "option2": "The pointers in most of nodes of a binary tree are NULL", "option3": "It is Difficult to find a successor node", "option4": "They occupy less size", "answer": 4, "section": 24, "user_list": []}}, {"model": "course.question", "pk": 88, "fields": {"name": "1", "difficulty": 3, "question": "In a max-heap, element with the greatest key is always in the which node?", "option1": "Leaf node", "option2": "First node of left sub tree", "option3": "root node", "option4": "First node of right sub tree", "answer": 3, "section": 25, "user_list": []}}, {"model": "course.question", "pk": 89, "fields": {"name": "2", "difficulty": 1, "question": "What is the complexity of adding an element to the heap.", "option1": "O(log n)", "option2": "O(h)", "option3": "O(log n) & O(h)", "option4": "O(n)", "answer": 3, "section": 25, "user_list": []}}, {"model": "course.question", "pk": 90, "fields": {"name": "3", "difficulty": 4, "question": "The worst case complexity of deleting any arbitrary node value element from heap is __________", "option1": "O(logn)", "option2": "O(n)", "option3": "O(nlogn)", "option4": "O(n^2)", "answer": 1, "section": 25, "user_list": []}}, {"model": "course.question", "pk": 91, "fields": {"name": "4", "difficulty": 1, "question": "Heap can be used as ________________", "option1": "Priority queue", "option2": "Stack", "option3": "A decreasing order array", "option4": "Normal Array", "answer": 1, "section": 25, "user_list": []}}, {"model": "course.question", "pk": 92, "fields": {"name": "5", "difficulty": 4, "question": "An array consists of n elements. We want to create a heap using the elements. The time complexity of building a heap will be in order of", "option1": "O(n*n*logn)", "option2": "O(n*logn)", "option3": "O(n*n)", "option4": "O(n *logn *logn)", "answer": 2, "section": 25, "user_list": []}}, {"model": "course.question", "pk": 93, "fields": {"name": "6", "difficulty": 3, "question": "What is the space complexity of searching in a heap?", "option1": "O(logn)", "option2": "O(n)", "option3": "O(1)", "option4": "O(nlogn)", "answer": 2, "section": 25, "user_list": []}}, {"model": "course.question", "pk": 94, "fields": {"name": "7", "difficulty": 5, "question": "What is the best case complexity in building a heap?", "option1": "O(nlogn)", "option2": "O(n^2)", "option3": "O(n*logn *logn)", "option4": "O(n)", "answer": 4, "section": 25, "user_list": []}}, {"model": "course.question", "pk": 95, "fields": {"name": "8", "difficulty": 5, "question": "What is the location of a parent node for any arbitrary node i?", "option1": "(i/2) position", "option2": "(i+1)/ position", "option3": "floor(i/2) position", "option4": "ceil(i/2) position", "answer": 3, "section": 25, "user_list": []}}, {"model": "course.question", "pk": 96, "fields": {"name": "9", "difficulty": 5, "question": "Given an array of element 5, 7, 9, 1, 3, 10, 8, 4. Which of the following is the correct sequences of elements after inserting all the elements in a min-heap?", "option1": "1,3,4,5,7,8,9,10", "option2": "1,4,3,9,8,5,7,10", "option3": "1,3,4,5,8,7,9,10", "option4": "1,3,7,4,8,5,9,10", "answer": 1, "section": 25, "user_list": []}}, {"model": "course.question", "pk": 97, "fields": {"name": "10", "difficulty": 1, "question": "Descending priority queue can be implemented using ______", "option1": "max heap", "option2": "min heap", "option3": "min-max heap", "option4": "trie", "answer": 1, "section": 25, "user_list": []}}, {"model": "course.question", "pk": 98, "fields": {"name": "1", "difficulty": 3, "question": "What is a hash table?", "option1": "A structure that maps values to keys", "option2": "A structure that maps keys to values", "option3": "A structure used for storage", "option4": "A structure used to implement stack and queue", "answer": 2, "section": 26, "user_list": []}}, {"model": "course.question", "pk": 99, "fields": {"name": "2", "difficulty": 4, "question": "If several elements are competing for the same bucket in the hash table, what is it called?", "option1": "Diffusion", "option2": "Replication", "option3": "Collision", "option4": "Duplication", "answer": 3, "section": 26, "user_list": []}}, {"model": "course.question", "pk": 100, "fields": {"name": "3", "difficulty": 2, "question": "What is direct addressing?", "option1": "Distinct array position for every possible key", "option2": "Fewer array positions than keys", "option3": "Fewer keys than array positions", "option4": "Same array position for all keys", "answer": 1, "section": 26, "user_list": []}}, {"model": "course.question", "pk": 101, "fields": {"name": "4", "difficulty": 5, "question": "What is the search complexity in direct addressing?", "option1": "O(n)", "option2": "O(logn)", "option3": "O(nlogn)", "option4": "O(1)", "answer": 4, "section": 26, "user_list": []}}, {"model": "course.question", "pk": 102, "fields": {"name": "5", "difficulty": 2, "question": "What is a hash function?", "option1": "A function has allocated memory to keys", "option2": "A function that computes the location of the key in the array", "option3": "A function that creates an array", "option4": "A function that computes the location of the values in the array", "answer": 2, "section": 26, "user_list": []}}, {"model": "course.question", "pk": 103, "fields": {"name": "6", "difficulty": 5, "question": "Which of the following is not a technique to avoid a collision?", "option1": "Make the hash function appear random", "option2": "Use the chaining method", "option3": "Use uniform hashing", "option4": "Increasing hash table size", "answer": 4, "section": 26, "user_list": []}}, {"model": "course.question", "pk": 104, "fields": {"name": "7", "difficulty": 1, "question": "What is the load factor?", "option1": "Average array size", "option2": "Average key size", "option3": "Average chain length", "option4": "Average hash table length", "answer": 3, "section": 26, "user_list": []}}, {"model": "course.question", "pk": 105, "fields": {"name": "8", "difficulty": 4, "question": "What is simple uniform hashing?", "option1": "Every element has equal probability of hashing into any of the slots", "option2": "A weighted probabilistic method is used to hash elements into the slots", "option3": "Elements has Random probability of hashing into array slots", "option4": "Elements are hashed based on priority", "answer": 1, "section": 26, "user_list": []}}, {"model": "course.question", "pk": 106, "fields": {"name": "9", "difficulty": 5, "question": "In simple uniform hashing, what is the search complexity?", "option1": "O(n)", "option2": "O(logn)", "option3": "O(nlogn)", "option4": "O(1)", "answer": 4, "section": 26, "user_list": []}}, {"model": "course.question", "pk": 107, "fields": {"name": "10", "difficulty": 5, "question": "In simple chaining, what data structure is appropriate?", "option1": "Singly linked list", "option2": "Doubly linked list", "option3": "Circular linked list", "option4": "Binary trees", "answer": 2, "section": 26, "user_list": []}}, {"model": "course.question", "pk": 108, "fields": {"name": "1", "difficulty": 3, "question": "Which of the following statements for a simple graph is correct?", "option1": "Every path is a trail", "option2": "Every trail is a path", "option3": "Every trail is a path as well as every path is a trail", "option4": "Path and trail have no relation", "answer": 1, "section": 27, "user_list": []}}, {"model": "course.question", "pk": 109, "fields": {"name": "2", "difficulty": 3, "question": "A connected planar graph having 6 vertices, 7 edges contains _____________ regions.", "option1": "15", "option2": "3", "option3": "1", "option4": "11", "answer": 2, "section": 27, "user_list": []}}, {"model": "course.question", "pk": 110, "fields": {"name": "3", "difficulty": 1, "question": "If a simple graph G, contains n vertices and m edges, the number of edges in the Graph G'(Complement of G) is ___________", "option1": "(n*n-n-2*m)/2", "option2": "(n*n+n+2*m)/2", "option3": "(n*n-n-2*m)/2", "option4": "(n*n-n+2*m)/2", "answer": 1, "section": 27, "user_list": []}}, {"model": "course.question", "pk": 111, "fields": {"name": "4", "difficulty": 4, "question": "Which of the following properties does a simple graph not hold?", "option1": "Must be connected", "option2": "Must be unweighted", "option3": "Must have no loops or multiple edges", "option4": "Must have no multiple edges", "answer": 1, "section": 27, "user_list": []}}, {"model": "course.question", "pk": 112, "fields": {"name": "5", "difficulty": 1, "question": "What is the maximum number of edges in a bipartite graph having 10 vertices?", "option1": "24", "option2": "21", "option3": "25", "option4": "16", "answer": 3, "section": 27, "user_list": []}}, {"model": "course.question", "pk": 113, "fields": {"name": "6", "difficulty": 4, "question": "Which of the following is true?", "option1": "A graph may contain no edges and many vertices", "option2": "A graph may contain many edges and no vertices", "option3": "A graph may contain no edges and no vertices", "option4": "A graph may contain no vertices and many edges", "answer": 2, "section": 27, "user_list": []}}, {"model": "course.question", "pk": 114, "fields": {"name": "7", "difficulty": 5, "question": "For a given graph G having v vertices and e edges which is connected and has no cycles, which of the following statements is true?", "option1": "v=e", "option2": "v = e+1", "option3": "v + 1 = e", "option4": "v = e-1", "answer": 2, "section": 27, "user_list": []}}, {"model": "course.question", "pk": 115, "fields": {"name": "8", "difficulty": 3, "question": "For which of the following combinations of the degrees of vertices would the connected graph be eulerian?", "option1": "1,2,3", "option2": "2,3,4", "option3": "2,4,5", "option4": "1,3,5", "answer": 1, "section": 27, "user_list": []}}, {"model": "course.question", "pk": 116, "fields": {"name": "9", "difficulty": 2, "question": "A graph with all vertices having equal degree is known as a __________", "option1": "Multi Graph", "option2": "Regular Graph", "option3": "Simple Graph", "option4": "Complete Graph", "answer": 2, "section": 27, "user_list": []}}, {"model": "course.question", "pk": 117, "fields": {"name": "10", "difficulty": 3, "question": "Which of the following ways can be used to represent a graph?", "option1": "Adjacency List and Adjacency Matrix", "option2": "Incidence Matrix", "option3": "Adjacency List, Adjacency Matrix as well as Incidence Matrix", "option4": "No way to represent", "answer": 3, "section": 27, "user_list": []}}, {"model": "course.questionbank", "pk": 5, "fields": {"name": "NPC 1 - Lv 1 - CZ2006", "user": 1, "questions": [5, 6, 7, 8, 9]}}, {"model": "course.questionbank", "pk": 6, "fields": {"name": "NPC 2 - Lv 1 - CZ2006", "user": 1, "questions": [10, 11, 12, 13, 14]}}, {"model": "course.questionbank", "pk": 7, "fields": {"name": "NPC 3 - Lv 1 - CZ2006", "user": 1, "questions": [15, 16, 17, 18, 19]}}, {"model": "course.questionbank", "pk": 8, "fields": {"name": "NPC 1 - Lv 2 - CZ2006", "user": 1, "questions": [20, 21, 22, 23, 24]}}, {"model": "course.questionbank", "pk": 9, "fields": {"name": "NPC 2 - Lv 2 - CZ2006", "user": 1, "questions": [25, 26, 27, 28, 29]}}, {"model": "course.questionbank", "pk": 10, "fields": {"name": "NPC 1 - Lv 3 - CZ2006", "user": 1, "questions": [30, 31, 32, 33, 34]}}, {"model": "course.questionbank", "pk": 11, "fields": {"name": "NPC 2 - Lv 3 - CZ2006", "user": 1, "questions": [35, 36, 37, 38, 39]}}, {"model": "course.questionbank", "pk": 12, "fields": {"name": "NPC 1 - Lv 4 - CZ2006", "user": 1, "questions": [10, 40, 41, 42]}}, {"model": "course.questionbank", "pk": 13, "fields": {"name": "NPC 2 - Lv 4 - CZ2006", "user": 1, "questions": [44, 45, 46, 47]}}, {"model": "course.questionbank", "pk": 14, "fields": {"name": "NPC 1 - Lv 5 - CZ2006", "user": 1, "questions": [48, 49, 50, 51, 52]}}, {"model": "course.questionbank", "pk": 15, "fields": {"name": "NPC 2 - Lv 5 - CZ2006", "user": 1, "questions": [53, 54, 55, 56, 57]}}, {"model": "course.questionbank", "pk": 16, "fields": {"name": "NPC 1 - Lv 1 - CZ1007", "user": 1, "questions": [58, 59, 60, 61, 62]}}, {"model": "course.questionbank", "pk": 17, "fields": {"name": "NPC 2 - Lv 1 - CZ1007", "user": 1, "questions": [63, 64, 65, 66, 67]}}, {"model": "course.questionbank", "pk": 18, "fields": {"name": "NPC 1 - Lv 2 - CZ1007", "user": 1, "questions": [68, 69, 70, 71, 72]}}, {"model": "course.questionbank", "pk": 19, "fields": {"name": "NPC 2 - Lv 2 - CZ1007", "user": 1, "questions": [73, 74, 75, 76, 77]}}, {"model": "course.questionbank", "pk": 20, "fields": {"name": "NPC 1 - Lv 3 - CZ1007", "user": 1, "questions": [78, 79, 80, 81, 82]}}, {"model": "course.questionbank", "pk": 21, "fields": {"name": "NPC 2 - Lv 3 - CZ1007", "user": 1, "questions": [83, 84, 85, 87, 86]}}, {"model": "course.questionbank", "pk": 22, "fields": {"name": "NPC 1 - Lv 4 - CZ1007", "user": 1, "questions": [91, 92, 88, 89, 90]}}, {"model": "course.questionbank", "pk": 23, "fields": {"name": "NPC 2 - Lv 4 - CZ1007", "user": 1, "questions": [93, 95, 97, 94, 96]}}, {"model": "course.questionbank", "pk": 24, "fields": {"name": "NPC 1 - Lv 5 - CZ1007", "user": 1, "questions": [98, 99, 100, 101, 102]}}, {"model": "course.questionbank", "pk": 25, "fields": {"name": "NPC 2 - Lv 5 - CZ1007", "user": 1, "questions": [103, 104, 105, 106, 107]}}, {"model": "course.questionbank", "pk": 26, "fields": {"name": "NPC 1 - Lv 6 - CZ1007", "user": 1, "questions": [108, 109, 110, 111, 112]}}, {"model": "course.questionbank", "pk": 27, "fields": {"name": "NPC 2 - Lv 6 - CZ1007", "user": 1, "questions": [113, 114, 115, 116, 117]}}, {"model": "game.expedition", "pk": 6, "fields": {"course": "CZ2006"}}, {"model": "game.expedition", "pk": 7, "fields": {"course": "CZ1007"}}, {"model": "game.world", "pk": 17, "fields": {"expedition": 6, "section": 17, "background_type": 1}}, {"model": "game.world", "pk": 18, "fields": {"expedition": 6, "section": 18, "background_type": 3}}, {"model": "game.world", "pk": 19, "fields": {"expedition": 6, "section": 19, "background_type": 2}}, {"model": "game.world", "pk": 20, "fields": {"expedition": 6, "section": 20, "background_type": 1}}, {"model": "game.world", "pk": 21, "fields": {"expedition": 6, "section": 21, "background_type": 2}}, {"model": "game.world", "pk": 22, "fields": {"expedition": 7, "section": 22, "background_type": 1}}, {"model": "game.world", "pk": 23, "fields": {"expedition": 7, "section": 23, "background_type": 3}}, {"model": "game.world", "pk": 24, "fields": {"expedition": 7, "section": 24, "background_type": 2}}, {"model": "game.world", "pk": 25, "fields": {"expedition": 7, "section": 25, "background_type": 3}}, {"model": "game.world", "pk": 26, "fields": {"expedition": 7, "section": 26, "background_type": 2}}, {"model": "game.world", "pk": 27, "fields": {"expedition": 7, "section": 27, "background_type": 1}}, {"model": "game.user_world", "pk": 274, "fields": {"user": 4, "world": 17, "is_finished": false}}, {"model": "game.user_world", "pk": 275, "fields": {"user": 2, "world": 17, "is_finished": true}}, {"model": "game.user_world", "pk": 276, "fields": {"user": 5, "world": 17, "is_finished": false}}, {"model": "game.user_world", "pk": 277, "fields": {"user": 9, "world": 17, "is_finished": false}}, {"model": "game.user_world", "pk": 278, "fields": {"user": 10, "world": 17, "is_finished": false}}, {"model": "game.user_world", "pk": 279, "fields": {"user": 3, "world": 17, "is_finished": true}}, {"model": "game.user_world", "pk": 280, "fields": {"user": 11, "world": 17, "is_finished": false}}, {"model": "game.user_world", "pk": 281, "fields": {"user": 7, "world": 17, "is_finished": false}}, {"model": "game.user_world", "pk": 282, "fields": {"user": 6, "world": 17, "is_finished": false}}, {"model": "game.user_world", "pk": 283, "fields": {"user": 8, "world": 17, "is_finished": false}}, {"model": "game.user_world", "pk": 284, "fields": {"user": 12, "world": 17, "is_finished": false}}, {"model": "game.user_world", "pk": 285, "fields": {"user": 13, "world": 17, "is_finished": false}}, {"model": "game.user_world", "pk": 286, "fields": {"user": 14, "world": 17, "is_finished": false}}, {"model": "game.user_world", "pk": 287, "fields": {"user": 15, "world": 17, "is_finished": false}}, {"model": "game.user_world", "pk": 288, "fields": {"user": 16, "world": 17, "is_finished": false}}, {"model": "game.user_world", "pk": 289, "fields": {"user": 17, "world": 17, "is_finished": false}}, {"model": "game.user_world", "pk": 290, "fields": {"user": 4, "world": 18, "is_finished": false}}, {"model": "game.user_world", "pk": 291, "fields": {"user": 2, "world": 18, "is_finished": true}}, {"model": "game.user_world", "pk": 292, "fields": {"user": 5, "world": 18, "is_finished": false}}, {"model": "game.user_world", "pk": 293, "fields": {"user": 9, "world": 18, "is_finished": false}}, {"model": "game.user_world", "pk": 294, "fields": {"user": 10, "world": 18, "is_finished": false}}, {"model": "game.user_world", "pk": 295, "fields": {"user": 3, "world": 18, "is_finished": false}}, {"model": "game.user_world", "pk": 296, "fields": {"user": 11, "world": 18, "is_finished": false}}, {"model": "game.user_world", "pk": 297, "fields": {"user": 7, "world": 18, "is_finished": false}}, {"model": "game.user_world", "pk": 298, "fields": {"user": 6, "world": 18, "is_finished": false}}, {"model": "game.user_world", "pk": 299, "fields": {"user": 8, "world": 18, "is_finished": false}}, {"model": "game.user_world", "pk": 300, "fields": {"user": 12, "world": 18, "is_finished": false}}, {"model": "game.user_world", "pk": 301, "fields": {"user": 13, "world": 18, "is_finished": false}}, {"model": "game.user_world", "pk": 302, "fields": {"user": 14, "world": 18, "is_finished": false}}, {"model": "game.user_world", "pk": 303, "fields": {"user": 15, "world": 18, "is_finished": false}}, {"model": "game.user_world", "pk": 304, "fields": {"user": 16, "world": 18, "is_finished": false}}, {"model": "game.user_world", "pk": 305, "fields": {"user": 17, "world": 18, "is_finished": false}}, {"model": "game.user_world", "pk": 306, "fields": {"user": 4, "world": 19, "is_finished": false}}, {"model": "game.user_world", "pk": 307, "fields": {"user": 2, "world": 19, "is_finished": true}}, {"model": "game.user_world", "pk": 308, "fields": {"user": 5, "world": 19, "is_finished": false}}, {"model": "game.user_world", "pk": 309, "fields": {"user": 9, "world": 19, "is_finished": false}}, {"model": "game.user_world", "pk": 310, "fields": {"user": 10, "world": 19, "is_finished": false}}, {"model": "game.user_world", "pk": 311, "fields": {"user": 3, "world": 19, "is_finished": false}}, {"model": "game.user_world", "pk": 312, "fields": {"user": 11, "world": 19, "is_finished": false}}, {"model": "game.user_world", "pk": 313, "fields": {"user": 7, "world": 19, "is_finished": false}}, {"model": "game.user_world", "pk": 314, "fields": {"user": 6, "world": 19, "is_finished": false}}, {"model": "game.user_world", "pk": 315, "fields": {"user": 8, "world": 19, "is_finished": false}}, {"model": "game.user_world", "pk": 316, "fields": {"user": 12, "world": 19, "is_finished": false}}, {"model": "game.user_world", "pk": 317, "fields": {"user": 13, "world": 19, "is_finished": false}}, {"model": "game.user_world", "pk": 318, "fields": {"user": 14, "world": 19, "is_finished": false}}, {"model": "game.user_world", "pk": 319, "fields": {"user": 15, "world": 19, "is_finished": false}}, {"model": "game.user_world", "pk": 320, "fields": {"user": 16, "world": 19, "is_finished": false}}, {"model": "game.user_world", "pk": 321, "fields": {"user": 17, "world": 19, "is_finished": false}}, {"model": "game.user_world", "pk": 322, "fields": {"user": 4, "world": 20, "is_finished": false}}, {"model": "game.user_world", "pk": 323, "fields": {"user": 2, "world": 20, "is_finished": false}}, {"model": "game.user_world", "pk": 324, "fields": {"user": 5, "world": 20, "is_finished": false}}, {"model": "game.user_world", "pk": 325, "fields": {"user": 9, "world": 20, "is_finished": false}}, {"model": "game.user_world", "pk": 326, "fields": {"user": 10, "world": 20, "is_finished": false}}, {"model": "game.user_world", "pk": 327, "fields": {"user": 3, "world": 20, "is_finished": false}}, {"model": "game.user_world", "pk": 328, "fields": {"user": 11, "world": 20, "is_finished": false}}, {"model": "game.user_world", "pk": 329, "fields": {"user": 7, "world": 20, "is_finished": false}}, {"model": "game.user_world", "pk": 330, "fields": {"user": 6, "world": 20, "is_finished": false}}, {"model": "game.user_world", "pk": 331, "fields": {"user": 8, "world": 20, "is_finished": false}}, {"model": "game.user_world", "pk": 332, "fields": {"user": 12, "world": 20, "is_finished": false}}, {"model": "game.user_world", "pk": 333, "fields": {"user": 13, "world": 20, "is_finished": false}}, {"model": "game.user_world", "pk": 334, "fields": {"user": 14, "world": 20, "is_finished": false}}, {"model": "game.user_world", "pk": 335, "fields": {"user": 15, "world": 20, "is_finished": false}}, {"model": "game.user_world", "pk": 336, "fields": {"user": 16, "world": 20, "is_finished": false}}, {"model": "game.user_world", "pk": 337, "fields": {"user": 17, "world": 20, "is_finished": false}}, {"model": "game.user_world", "pk": 338, "fields": {"user": 4, "world": 21, "is_finished": false}}, {"model": "game.user_world", "pk": 339, "fields": {"user": 2, "world": 21, "is_finished": false}}, {"model": "game.user_world", "pk": 340, "fields": {"user": 5, "world": 21, "is_finished": false}}, {"model": "game.user_world", "pk": 341, "fields": {"user": 9, "world": 21, "is_finished": false}}, {"model": "game.user_world", "pk": 342, "fields": {"user": 10, "world": 21, "is_finished": false}}, {"model": "game.user_world", "pk": 343, "fields": {"user": 3, "world": 21, "is_finished": false}}, {"model": "game.user_world", "pk": 344, "fields": {"user": 11, "world": 21, "is_finished": false}}, {"model": "game.user_world", "pk": 345, "fields": {"user": 7, "world": 21, "is_finished": false}}, {"model": "game.user_world", "pk": 346, "fields": {"user": 6, "world": 21, "is_finished": false}}, {"model": "game.user_world", "pk": 347, "fields": {"user": 8, "world": 21, "is_finished": false}}, {"model": "game.user_world", "pk": 348, "fields": {"user": 12, "world": 21, "is_finished": false}}, {"model": "game.user_world", "pk": 349, "fields": {"user": 13, "world": 21, "is_finished": false}}, {"model": "game.user_world", "pk": 350, "fields": {"user": 14, "world": 21, "is_finished": false}}, {"model": "game.user_world", "pk": 351, "fields": {"user": 15, "world": 21, "is_finished": false}}, {"model": "game.user_world", "pk": 352, "fields": {"user": 16, "world": 21, "is_finished": false}}, {"model": "game.user_world", "pk": 353, "fields": {"user": 17, "world": 21, "is_finished": false}}, {"model": "game.user_world", "pk": 354, "fields": {"user": 4, "world": 22, "is_finished": false}}, {"model": "game.user_world", "pk": 355, "fields": {"user": 2, "world": 22, "is_finished": false}}, {"model": "game.user_world", "pk": 356, "fields": {"user": 5, "world": 22, "is_finished": false}}, {"model": "game.user_world", "pk": 357, "fields": {"user": 9, "world": 22, "is_finished": false}}, {"model": "game.user_world", "pk": 358, "fields": {"user": 10, "world": 22, "is_finished": false}}, {"model": "game.user_world", "pk": 359, "fields": {"user": 3, "world": 22, "is_finished": false}}, {"model": "game.user_world", "pk": 360, "fields": {"user": 11, "world": 22, "is_finished": false}}, {"model": "game.user_world", "pk": 361, "fields": {"user": 7, "world": 22, "is_finished": false}}, {"model": "game.user_world", "pk": 362, "fields": {"user": 6, "world": 22, "is_finished": false}}, {"model": "game.user_world", "pk": 363, "fields": {"user": 8, "world": 22, "is_finished": false}}, {"model": "game.user_world", "pk": 364, "fields": {"user": 12, "world": 22, "is_finished": false}}, {"model": "game.user_world", "pk": 365, "fields": {"user": 13, "world": 22, "is_finished": false}}, {"model": "game.user_world", "pk": 366, "fields": {"user": 14, "world": 22, "is_finished": false}}, {"model": "game.user_world", "pk": 367, "fields": {"user": 15, "world": 22, "is_finished": false}}, {"model": "game.user_world", "pk": 368, "fields": {"user": 16, "world": 22, "is_finished": false}}, {"model": "game.user_world", "pk": 369, "fields": {"user": 17, "world": 22, "is_finished": false}}, {"model": "game.user_world", "pk": 370, "fields": {"user": 4, "world": 23, "is_finished": false}}, {"model": "game.user_world", "pk": 371, "fields": {"user": 2, "world": 23, "is_finished": false}}, {"model": "game.user_world", "pk": 372, "fields": {"user": 5, "world": 23, "is_finished": false}}, {"model": "game.user_world", "pk": 373, "fields": {"user": 9, "world": 23, "is_finished": false}}, {"model": "game.user_world", "pk": 374, "fields": {"user": 10, "world": 23, "is_finished": false}}, {"model": "game.user_world", "pk": 375, "fields": {"user": 3, "world": 23, "is_finished": false}}, {"model": "game.user_world", "pk": 376, "fields": {"user": 11, "world": 23, "is_finished": false}}, {"model": "game.user_world", "pk": 377, "fields": {"user": 7, "world": 23, "is_finished": false}}, {"model": "game.user_world", "pk": 378, "fields": {"user": 6, "world": 23, "is_finished": false}}, {"model": "game.user_world", "pk": 379, "fields": {"user": 8, "world": 23, "is_finished": false}}, {"model": "game.user_world", "pk": 380, "fields": {"user": 12, "world": 23, "is_finished": false}}, {"model": "game.user_world", "pk": 381, "fields": {"user": 13, "world": 23, "is_finished": false}}, {"model": "game.user_world", "pk": 382, "fields": {"user": 14, "world": 23, "is_finished": false}}, {"model": "game.user_world", "pk": 383, "fields": {"user": 15, "world": 23, "is_finished": false}}, {"model": "game.user_world", "pk": 384, "fields": {"user": 16, "world": 23, "is_finished": false}}, {"model": "game.user_world", "pk": 385, "fields": {"user": 17, "world": 23, "is_finished": false}}, {"model": "game.user_world", "pk": 386, "fields": {"user": 4, "world": 24, "is_finished": false}}, {"model": "game.user_world", "pk": 387, "fields": {"user": 2, "world": 24, "is_finished": false}}, {"model": "game.user_world", "pk": 388, "fields": {"user": 5, "world": 24, "is_finished": false}}, {"model": "game.user_world", "pk": 389, "fields": {"user": 9, "world": 24, "is_finished": false}}, {"model": "game.user_world", "pk": 390, "fields": {"user": 10, "world": 24, "is_finished": false}}, {"model": "game.user_world", "pk": 391, "fields": {"user": 3, "world": 24, "is_finished": false}}, {"model": "game.user_world", "pk": 392, "fields": {"user": 11, "world": 24, "is_finished": false}}, {"model": "game.user_world", "pk": 393, "fields": {"user": 7, "world": 24, "is_finished": false}}, {"model": "game.user_world", "pk": 394, "fields": {"user": 6, "world": 24, "is_finished": false}}, {"model": "game.user_world", "pk": 395, "fields": {"user": 8, "world": 24, "is_finished": false}}, {"model": "game.user_world", "pk": 396, "fields": {"user": 12, "world": 24, "is_finished": false}}, {"model": "game.user_world", "pk": 397, "fields": {"user": 13, "world": 24, "is_finished": false}}, {"model": "game.user_world", "pk": 398, "fields": {"user": 14, "world": 24, "is_finished": false}}, {"model": "game.user_world", "pk": 399, "fields": {"user": 15, "world": 24, "is_finished": false}}, {"model": "game.user_world", "pk": 400, "fields": {"user": 16, "world": 24, "is_finished": false}}, {"model": "game.user_world", "pk": 401, "fields": {"user": 17, "world": 24, "is_finished": false}}, {"model": "game.user_world", "pk": 402, "fields": {"user": 4, "world": 25, "is_finished": false}}, {"model": "game.user_world", "pk": 403, "fields": {"user": 2, "world": 25, "is_finished": false}}, {"model": "game.user_world", "pk": 404, "fields": {"user": 5, "world": 25, "is_finished": false}}, {"model": "game.user_world", "pk": 405, "fields": {"user": 9, "world": 25, "is_finished": false}}, {"model": "game.user_world", "pk": 406, "fields": {"user": 10, "world": 25, "is_finished": false}}, {"model": "game.user_world", "pk": 407, "fields": {"user": 3, "world": 25, "is_finished": false}}, {"model": "game.user_world", "pk": 408, "fields": {"user": 11, "world": 25, "is_finished": false}}, {"model": "game.user_world", "pk": 409, "fields": {"user": 7, "world": 25, "is_finished": false}}, {"model": "game.user_world", "pk": 410, "fields": {"user": 6, "world": 25, "is_finished": false}}, {"model": "game.user_world", "pk": 411, "fields": {"user": 8, "world": 25, "is_finished": false}}, {"model": "game.user_world", "pk": 412, "fields": {"user": 12, "world": 25, "is_finished": false}}, {"model": "game.user_world", "pk": 413, "fields": {"user": 13, "world": 25, "is_finished": false}}, {"model": "game.user_world", "pk": 414, "fields": {"user": 14, "world": 25, "is_finished": false}}, {"model": "game.user_world", "pk": 415, "fields": {"user": 15, "world": 25, "is_finished": false}}, {"model": "game.user_world", "pk": 416, "fields": {"user": 16, "world": 25, "is_finished": false}}, {"model": "game.user_world", "pk": 417, "fields": {"user": 17, "world": 25, "is_finished": false}}, {"model": "game.user_world", "pk": 418, "fields": {"user": 4, "world": 26, "is_finished": false}}, {"model": "game.user_world", "pk": 419, "fields": {"user": 2, "world": 26, "is_finished": false}}, {"model": "game.user_world", "pk": 420, "fields": {"user": 5, "world": 26, "is_finished": false}}, {"model": "game.user_world", "pk": 421, "fields": {"user": 9, "world": 26, "is_finished": false}}, {"model": "game.user_world", "pk": 422, "fields": {"user": 10, "world": 26, "is_finished": false}}, {"model": "game.user_world", "pk": 423, "fields": {"user": 3, "world": 26, "is_finished": false}}, {"model": "game.user_world", "pk": 424, "fields": {"user": 11, "world": 26, "is_finished": false}}, {"model": "game.user_world", "pk": 425, "fields": {"user": 7, "world": 26, "is_finished": false}}, {"model": "game.user_world", "pk": 426, "fields": {"user": 6, "world": 26, "is_finished": false}}, {"model": "game.user_world", "pk": 427, "fields": {"user": 8, "world": 26, "is_finished": false}}, {"model": "game.user_world", "pk": 428, "fields": {"user": 12, "world": 26, "is_finished": false}}, {"model": "game.user_world", "pk": 429, "fields": {"user": 13, "world": 26, "is_finished": false}}, {"model": "game.user_world", "pk": 430, "fields": {"user": 14, "world": 26, "is_finished": false}}, {"model": "game.user_world", "pk": 431, "fields": {"user": 15, "world": 26, "is_finished": false}}, {"model": "game.user_world", "pk": 432, "fields": {"user": 16, "world": 26, "is_finished": false}}, {"model": "game.user_world", "pk": 433, "fields": {"user": 17, "world": 26, "is_finished": false}}, {"model": "game.user_world", "pk": 434, "fields": {"user": 4, "world": 27, "is_finished": false}}, {"model": "game.user_world", "pk": 435, "fields": {"user": 2, "world": 27, "is_finished": false}}, {"model": "game.user_world", "pk": 436, "fields": {"user": 5, "world": 27, "is_finished": false}}, {"model": "game.user_world", "pk": 437, "fields": {"user": 9, "world": 27, "is_finished": false}}, {"model": "game.user_world", "pk": 438, "fields": {"user": 10, "world": 27, "is_finished": false}}, {"model": "game.user_world", "pk": 439, "fields": {"user": 3, "world": 27, "is_finished": false}}, {"model": "game.user_world", "pk": 440, "fields": {"user": 11, "world": 27, "is_finished": false}}, {"model": "game.user_world", "pk": 441, "fields": {"user": 7, "world": 27, "is_finished": false}}, {"model": "game.user_world", "pk": 442, "fields": {"user": 6, "world": 27, "is_finished": false}}, {"model": "game.user_world", "pk": 443, "fields": {"user": 8, "world": 27, "is_finished": false}}, {"model": "game.user_world", "pk": 444, "fields": {"user": 12, "world": 27, "is_finished": false}}, {"model": "game.user_world", "pk": 445, "fields": {"user": 13, "world": 27, "is_finished": false}}, {"model": "game.user_world", "pk": 446, "fields": {"user": 14, "world": 27, "is_finished": false}}, {"model": "game.user_world", "pk": 447, "fields": {"user": 15, "world": 27, "is_finished": false}}, {"model": "game.user_world", "pk": 448, "fields": {"user": 16, "world": 27, "is_finished": false}}, {"model": "game.user_world", "pk": 449, "fields": {"user": 17, "world": 27, "is_finished": false}}, {"model": "game.user_world", "pk": 450, "fields": {"user": 50, "world": 22, "is_finished": false}}, {"model": "game.user_world", "pk": 451, "fields": {"user": 50, "world": 23, "is_finished": false}}, {"model": "game.user_world", "pk": 452, "fields": {"user": 50, "world": 24, "is_finished": false}}, {"model": "game.user_world", "pk": 453, "fields": {"user": 50, "world": 25, "is_finished": false}}, {"model": "game.user_world", "pk": 454, "fields": {"user": 50, "world": 26, "is_finished": false}}, {"model": "game.user_world", "pk": 455, "fields": {"user": 50, "world": 27, "is_finished": false}}, {"model": "game.user_world", "pk": 456, "fields": {"user": 50, "world": 17, "is_finished": false}}, {"model": "game.user_world", "pk": 457, "fields": {"user": 50, "world": 18, "is_finished": false}}, {"model": "game.user_world", "pk": 458, "fields": {"user": 50, "world": 19, "is_finished": false}}, {"model": "game.user_world", "pk": 459, "fields": {"user": 50, "world": 20, "is_finished": false}}, {"model": "game.user_world", "pk": 460, "fields": {"user": 50, "world": 21, "is_finished": false}}, {"model": "game.user_world", "pk": 461, "fields": {"user": 51, "world": 22, "is_finished": false}}, {"model": "game.user_world", "pk": 462, "fields": {"user": 51, "world": 23, "is_finished": false}}, {"model": "game.user_world", "pk": 463, "fields": {"user": 51, "world": 24, "is_finished": false}}, {"model": "game.user_world", "pk": 464, "fields": {"user": 51, "world": 25, "is_finished": false}}, {"model": "game.user_world", "pk": 465, "fields": {"user": 51, "world": 26, "is_finished": false}}, {"model": "game.user_world", "pk": 466, "fields": {"user": 51, "world": 27, "is_finished": false}}, {"model": "game.user_world", "pk": 467, "fields": {"user": 51, "world": 17, "is_finished": false}}, {"model": "game.user_world", "pk": 468, "fields": {"user": 51, "world": 18, "is_finished": false}}, {"model": "game.user_world", "pk": 469, "fields": {"user": 51, "world": 19, "is_finished": false}}, {"model": "game.user_world", "pk": 470, "fields": {"user": 51, "world": 20, "is_finished": false}}, {"model": "game.user_world", "pk": 471, "fields": {"user": 51, "world": 21, "is_finished": false}}, {"model": "game.user_world", "pk": 472, "fields": {"user": 52, "world": 22, "is_finished": false}}, {"model": "game.user_world", "pk": 473, "fields": {"user": 52, "world": 23, "is_finished": false}}, {"model": "game.user_world", "pk": 474, "fields": {"user": 52, "world": 24, "is_finished": false}}, {"model": "game.user_world", "pk": 475, "fields": {"user": 52, "world": 25, "is_finished": false}}, {"model": "game.user_world", "pk": 476, "fields": {"user": 52, "world": 26, "is_finished": false}}, {"model": "game.user_world", "pk": 477, "fields": {"user": 52, "world": 27, "is_finished": false}}, {"model": "game.user_world", "pk": 478, "fields": {"user": 52, "world": 17, "is_finished": false}}, {"model": "game.user_world", "pk": 479, "fields": {"user": 52, "world": 18, "is_finished": false}}, {"model": "game.user_world", "pk": 480, "fields": {"user": 52, "world": 19, "is_finished": false}}, {"model": "game.user_world", "pk": 481, "fields": {"user": 52, "world": 20, "is_finished": false}}, {"model": "game.user_world", "pk": 482, "fields": {"user": 52, "world": 21, "is_finished": false}}, {"model": "game.user_world", "pk": 483, "fields": {"user": 53, "world": 22, "is_finished": false}}, {"model": "game.user_world", "pk": 484, "fields": {"user": 53, "world": 23, "is_finished": false}}, {"model": "game.user_world", "pk": 485, "fields": {"user": 53, "world": 24, "is_finished": false}}, {"model": "game.user_world", "pk": 486, "fields": {"user": 53, "world": 25, "is_finished": false}}, {"model": "game.user_world", "pk": 487, "fields": {"user": 53, "world": 26, "is_finished": false}}, {"model": "game.user_world", "pk": 488, "fields": {"user": 53, "world": 27, "is_finished": false}}, {"model": "game.user_world", "pk": 489, "fields": {"user": 53, "world": 17, "is_finished": false}}, {"model": "game.user_world", "pk": 490, "fields": {"user": 53, "world": 19, "is_finished": false}}, {"model": "game.user_world", "pk": 491, "fields": {"user": 53, "world": 20, "is_finished": false}}, {"model": "game.user_world", "pk": 492, "fields": {"user": 53, "world": 21, "is_finished": false}}, {"model": "game.user_world", "pk": 493, "fields": {"user": 53, "world": 18, "is_finished": false}}, {"model": "game.user_world", "pk": 494, "fields": {"user": 54, "world": 22, "is_finished": false}}, {"model": "game.user_world", "pk": 495, "fields": {"user": 54, "world": 23, "is_finished": false}}, {"model": "game.user_world", "pk": 496, "fields": {"user": 54, "world": 24, "is_finished": false}}, {"model": "game.user_world", "pk": 497, "fields": {"user": 54, "world": 25, "is_finished": false}}, {"model": "game.user_world", "pk": 498, "fields": {"user": 54, "world": 26, "is_finished": false}}, {"model": "game.user_world", "pk": 499, "fields": {"user": 54, "world": 27, "is_finished": false}}, {"model": "game.user_world", "pk": 500, "fields": {"user": 54, "world": 17, "is_finished": false}}, {"model": "game.user_world", "pk": 501, "fields": {"user": 54, "world": 19, "is_finished": false}}, {"model": "game.user_world", "pk": 502, "fields": {"user": 54, "world": 20, "is_finished": false}}, {"model": "game.user_world", "pk": 503, "fields": {"user": 54, "world": 21, "is_finished": false}}, {"model": "game.user_world", "pk": 504, "fields": {"user": 54, "world": 18, "is_finished": false}}, {"model": "game.user_world", "pk": 505, "fields": {"user": 55, "world": 22, "is_finished": false}}, {"model": "game.user_world", "pk": 506, "fields": {"user": 55, "world": 23, "is_finished": false}}, {"model": "game.user_world", "pk": 507, "fields": {"user": 55, "world": 24, "is_finished": false}}, {"model": "game.user_world", "pk": 508, "fields": {"user": 55, "world": 25, "is_finished": false}}, {"model": "game.user_world", "pk": 509, "fields": {"user": 55, "world": 26, "is_finished": false}}, {"model": "game.user_world", "pk": 510, "fields": {"user": 55, "world": 27, "is_finished": false}}, {"model": "game.user_world", "pk": 511, "fields": {"user": 55, "world": 17, "is_finished": false}}, {"model": "game.user_world", "pk": 512, "fields": {"user": 55, "world": 19, "is_finished": false}}, {"model": "game.user_world", "pk": 513, "fields": {"user": 55, "world": 20, "is_finished": false}}, {"model": "game.user_world", "pk": 514, "fields": {"user": 55, "world": 21, "is_finished": false}}, {"model": "game.user_world", "pk": 515, "fields": {"user": 55, "world": 18, "is_finished": false}}, {"model": "game.npcavatar", "pk": 2, "fields": {"hp": 100, "attack": 10, "npc_type": 1}}, {"model": "game.npcavatar", "pk": 3, "fields": {"hp": 100, "attack": 10, "npc_type": 2}}, {"model": "game.npcavatar", "pk": 4, "fields": {"hp": 100, "attack": 10, "npc_type": 3}}, {"model": "game.npcavatar", "pk": 5, "fields": {"hp": 100, "attack": 15, "npc_type": 1}}, {"model": "game.npcavatar", "pk": 6, "fields": {"hp": 100, "attack": 15, "npc_type": 2}}, {"model": "game.npcavatar", "pk": 7, "fields": {"hp": 100, "attack": 15, "npc_type": 3}}, {"model": "game.npcavatar", "pk": 8, "fields": {"hp": 100, "attack": 20, "npc_type": 1}}, {"model": "game.npcavatar", "pk": 9, "fields": {"hp": 100, "attack": 20, "npc_type": 2}}, {"model": "game.npcavatar", "pk": 10, "fields": {"hp": 100, "attack": 20, "npc_type": 3}}, {"model": "game.npcavatar", "pk": 11, "fields": {"hp": 100, "attack": 25, "npc_type": 1}}, {"model": "game.npcavatar", "pk": 12, "fields": {"hp": 100, "attack": 25, "npc_type": 2}}, {"model": "game.npcavatar", "pk": 13, "fields": {"hp": 100, "attack": 25, "npc_type": 3}}, {"model": "game.npcavatar", "pk": 14, "fields": {"hp": 100, "attack": 30, "npc_type": 1}}, {"model": "game.npcavatar", "pk": 15, "fields": {"hp": 100, "attack": 30, "npc_type": 2}}, {"model": "game.npcavatar", "pk": 16, "fields": {"hp": 100, "attack": 30, "npc_type": 3}}, {"model": "game.npc", "pk": 4, "fields": {"pos_X": "0.100", "pos_Y": "0.100", "boss": false, "experience": 5, "gold": 5, "npc_avatar": 2, "world": 17, "question_bank": 5}}, {"model": "game.npc", "pk": 5, "fields": {"pos_X": "0.500", "pos_Y": "0.500", "boss": false, "experience": 10, "gold": 10, "npc_avatar": 4, "world": 17, "question_bank": 6}}, {"model": "game.npc", "pk": 6, "fields": {"pos_X": "0.800", "pos_Y": "0.800", "boss": false, "experience": 10, "gold": 10, "npc_avatar": 3, "world": 17, "question_bank": 7}}, {"model": "game.npc", "pk": 7, "fields": {"pos_X": "0.700", "pos_Y": "0.700", "boss": false, "experience": 10, "gold": 10, "npc_avatar": 5, "world": 18, "question_bank": 8}}, {"model": "game.npc", "pk": 8, "fields": {"pos_X": "0.200", "pos_Y": "0.200", "boss": false, "experience": 20, "gold": 20, "npc_avatar": 7, "world": 18, "question_bank": 9}}, {"model": "game.npc", "pk": 9, "fields": {"pos_X": "0.300", "pos_Y": "0.100", "boss": false, "experience": 15, "gold": 15, "npc_avatar": 8, "world": 19, "question_bank": 10}}, {"model": "game.npc", "pk": 10, "fields": {"pos_X": "0.700", "pos_Y": "0.500", "boss": false, "experience": 20, "gold": 20, "npc_avatar": 9, "world": 19, "question_bank": 11}}, {"model": "game.npc", "pk": 11, "fields": {"pos_X": "0.500", "pos_Y": "0.700", "boss": false, "experience": 20, "gold": 20, "npc_avatar": 12, "world": 20, "question_bank": 12}}, {"model": "game.npc", "pk": 12, "fields": {"pos_X": "0.300", "pos_Y": "0.900", "boss": false, "experience": 20, "gold": 20, "npc_avatar": 13, "world": 20, "question_bank": 13}}, {"model": "game.npc", "pk": 13, "fields": {"pos_X": "0.600", "pos_Y": "0.200", "boss": false, "experience": 25, "gold": 25, "npc_avatar": 14, "world": 21, "question_bank": 14}}, {"model": "game.npc", "pk": 14, "fields": {"pos_X": "0.200", "pos_Y": "0.600", "boss": false, "experience": 25, "gold": 25, "npc_avatar": 15, "world": 21, "question_bank": 15}}, {"model": "game.npc", "pk": 15, "fields": {"pos_X": "0.200", "pos_Y": "0.200", "boss": false, "experience": 10, "gold": 10, "npc_avatar": 2, "world": 22, "question_bank": 16}}, {"model": "game.npc", "pk": 16, "fields": {"pos_X": "0.700", "pos_Y": "0.500", "boss": false, "experience": 10, "gold": 10, "npc_avatar": 4, "world": 22, "question_bank": 17}}, {"model": "game.npc", "pk": 17, "fields": {"pos_X": "0.600", "pos_Y": "0.400", "boss": false, "experience": 15, "gold": 15, "npc_avatar": 6, "world": 23, "question_bank": 18}}, {"model": "game.npc", "pk": 18, "fields": {"pos_X": "0.200", "pos_Y": "0.800", "boss": false, "experience": 15, "gold": 15, "npc_avatar": 7, "world": 23, "question_bank": 19}}, {"model": "game.npc", "pk": 19, "fields": {"pos_X": "0.300", "pos_Y": "0.300", "boss": false, "experience": 20, "gold": 20, "npc_avatar": 8, "world": 24, "question_bank": 20}}, {"model": "game.npc", "pk": 20, "fields": {"pos_X": "0.600", "pos_Y": "0.700", "boss": false, "experience": 20, "gold": 20, "npc_avatar": 10, "world": 24, "question_bank": 21}}, {"model": "game.npc", "pk": 21, "fields": {"pos_X": "0.100", "pos_Y": "0.600", "boss": false, "experience": 25, "gold": 25, "npc_avatar": 11, "world": 25, "question_bank": 22}}, {"model": "game.npc", "pk": 22, "fields": {"pos_X": "0.300", "pos_Y": "0.800", "boss": false, "experience": 25, "gold": 25, "npc_avatar": 13, "world": 25, "question_bank": 23}}, {"model": "game.npc", "pk": 23, "fields": {"pos_X": "0.600", "pos_Y": "0.500", "boss": false, "experience": 30, "gold": 30, "npc_avatar": 15, "world": 26, "question_bank": 24}}, {"model": "game.npc", "pk": 24, "fields": {"pos_X": "0.200", "pos_Y": "0.700", "boss": false, "experience": 30, "gold": 30, "npc_avatar": 16, "world": 26, "question_bank": 25}}, {"model": "game.npc", "pk": 25, "fields": {"pos_X": "0.900", "pos_Y": "0.100", "boss": false, "experience": 30, "gold": 30, "npc_avatar": 14, "world": 27, "question_bank": 26}}, {"model": "game.npc", "pk": 26, "fields": {"pos_X": "0.300", "pos_Y": "0.300", "boss": false, "experience": 30, "gold": 30, "npc_avatar": 16, "world": 27, "question_bank": 27}}, {"model": "game.user_npc", "pk": 79, "fields": {"user": 4, "npc": 4, "is_defeated": false}}, {"model": "game.user_npc", "pk": 80, "fields": {"user": 2, "npc": 4, "is_defeated": true}}, {"model": "game.user_npc", "pk": 81, "fields": {"user": 5, "npc": 4, "is_defeated": true}}, {"model": "game.user_npc", "pk": 82, "fields": {"user": 9, "npc": 4, "is_defeated": false}}, {"model": "game.user_npc", "pk": 83, "fields": {"user": 10, "npc": 4, "is_defeated": false}}, {"model": "game.user_npc", "pk": 84, "fields": {"user": 3, "npc": 4, "is_defeated": true}}, {"model": "game.user_npc", "pk": 85, "fields": {"user": 11, "npc": 4, "is_defeated": false}}, {"model": "game.user_npc", "pk": 86, "fields": {"user": 7, "npc": 4, "is_defeated": false}}, {"model": "game.user_npc", "pk": 87, "fields": {"user": 6, "npc": 4, "is_defeated": false}}, {"model": "game.user_npc", "pk": 88, "fields": {"user": 8, "npc": 4, "is_defeated": false}}, {"model": "game.user_npc", "pk": 89, "fields": {"user": 12, "npc": 4, "is_defeated": false}}, {"model": "game.user_npc", "pk": 90, "fields": {"user": 13, "npc": 4, "is_defeated": false}}, {"model": "game.user_npc", "pk": 91, "fields": {"user": 14, "npc": 4, "is_defeated": false}}, {"model": "game.user_npc", "pk": 92, "fields": {"user": 15, "npc": 4, "is_defeated": false}}, {"model": "game.user_npc", "pk": 93, "fields": {"user": 16, "npc": 4, "is_defeated": false}}, {"model": "game.user_npc", "pk": 94, "fields": {"user": 17, "npc": 4, "is_defeated": false}}, {"model": "game.user_npc", "pk": 95, "fields": {"user": 4, "npc": 5, "is_defeated": false}}, {"model": "game.user_npc", "pk": 96, "fields": {"user": 2, "npc": 5, "is_defeated": true}}, {"model": "game.user_npc", "pk": 97, "fields": {"user": 5, "npc": 5, "is_defeated": false}}, {"model": "game.user_npc", "pk": 98, "fields": {"user": 9, "npc": 5, "is_defeated": false}}, {"model": "game.user_npc", "pk": 99, "fields": {"user": 10, "npc": 5, "is_defeated": false}}, {"model": "game.user_npc", "pk": 100, "fields": {"user": 3, "npc": 5, "is_defeated": true}}, {"model": "game.user_npc", "pk": 101, "fields": {"user": 11, "npc": 5, "is_defeated": false}}, {"model": "game.user_npc", "pk": 102, "fields": {"user": 7, "npc": 5, "is_defeated": false}}, {"model": "game.user_npc", "pk": 103, "fields": {"user": 6, "npc": 5, "is_defeated": false}}, {"model": "game.user_npc", "pk": 104, "fields": {"user": 8, "npc": 5, "is_defeated": false}}, {"model": "game.user_npc", "pk": 105, "fields": {"user": 12, "npc": 5, "is_defeated": false}}, {"model": "game.user_npc", "pk": 106, "fields": {"user": 13, "npc": 5, "is_defeated": false}}, {"model": "game.user_npc", "pk": 107, "fields": {"user": 14, "npc": 5, "is_defeated": false}}, {"model": "game.user_npc", "pk": 108, "fields": {"user": 15, "npc": 5, "is_defeated": false}}, {"model": "game.user_npc", "pk": 109, "fields": {"user": 16, "npc": 5, "is_defeated": false}}, {"model": "game.user_npc", "pk": 110, "fields": {"user": 17, "npc": 5, "is_defeated": false}}, {"model": "game.user_npc", "pk": 111, "fields": {"user": 4, "npc": 6, "is_defeated": false}}, {"model": "game.user_npc", "pk": 112, "fields": {"user": 2, "npc": 6, "is_defeated": true}}, {"model": "game.user_npc", "pk": 113, "fields": {"user": 5, "npc": 6, "is_defeated": false}}, {"model": "game.user_npc", "pk": 114, "fields": {"user": 9, "npc": 6, "is_defeated": false}}, {"model": "game.user_npc", "pk": 115, "fields": {"user": 10, "npc": 6, "is_defeated": false}}, {"model": "game.user_npc", "pk": 116, "fields": {"user": 3, "npc": 6, "is_defeated": true}}, {"model": "game.user_npc", "pk": 117, "fields": {"user": 11, "npc": 6, "is_defeated": false}}, {"model": "game.user_npc", "pk": 118, "fields": {"user": 7, "npc": 6, "is_defeated": false}}, {"model": "game.user_npc", "pk": 119, "fields": {"user": 6, "npc": 6, "is_defeated": false}}, {"model": "game.user_npc", "pk": 120, "fields": {"user": 8, "npc": 6, "is_defeated": false}}, {"model": "game.user_npc", "pk": 121, "fields": {"user": 12, "npc": 6, "is_defeated": false}}, {"model": "game.user_npc", "pk": 122, "fields": {"user": 13, "npc": 6, "is_defeated": false}}, {"model": "game.user_npc", "pk": 123, "fields": {"user": 14, "npc": 6, "is_defeated": false}}, {"model": "game.user_npc", "pk": 124, "fields": {"user": 15, "npc": 6, "is_defeated": false}}, {"model": "game.user_npc", "pk": 125, "fields": {"user": 16, "npc": 6, "is_defeated": false}}, {"model": "game.user_npc", "pk": 126, "fields": {"user": 17, "npc": 6, "is_defeated": false}}, {"model": "game.user_npc", "pk": 127, "fields": {"user": 4, "npc": 7, "is_defeated": false}}, {"model": "game.user_npc", "pk": 128, "fields": {"user": 2, "npc": 7, "is_defeated": true}}, {"model": "game.user_npc", "pk": 129, "fields": {"user": 5, "npc": 7, "is_defeated": false}}, {"model": "game.user_npc", "pk": 130, "fields": {"user": 9, "npc": 7, "is_defeated": false}}, {"model": "game.user_npc", "pk": 131, "fields": {"user": 10, "npc": 7, "is_defeated": false}}, {"model": "game.user_npc", "pk": 132, "fields": {"user": 3, "npc": 7, "is_defeated": false}}, {"model": "game.user_npc", "pk": 133, "fields": {"user": 11, "npc": 7, "is_defeated": false}}, {"model": "game.user_npc", "pk": 134, "fields": {"user": 7, "npc": 7, "is_defeated": false}}, {"model": "game.user_npc", "pk": 135, "fields": {"user": 6, "npc": 7, "is_defeated": false}}, {"model": "game.user_npc", "pk": 136, "fields": {"user": 8, "npc": 7, "is_defeated": false}}, {"model": "game.user_npc", "pk": 137, "fields": {"user": 12, "npc": 7, "is_defeated": false}}, {"model": "game.user_npc", "pk": 138, "fields": {"user": 13, "npc": 7, "is_defeated": false}}, {"model": "game.user_npc", "pk": 139, "fields": {"user": 14, "npc": 7, "is_defeated": false}}, {"model": "game.user_npc", "pk": 140, "fields": {"user": 15, "npc": 7, "is_defeated": false}}, {"model": "game.user_npc", "pk": 141, "fields": {"user": 16, "npc": 7, "is_defeated": false}}, {"model": "game.user_npc", "pk": 142, "fields": {"user": 17, "npc": 7, "is_defeated": false}}, {"model": "game.user_npc", "pk": 143, "fields": {"user": 4, "npc": 8, "is_defeated": false}}, {"model": "game.user_npc", "pk": 144, "fields": {"user": 2, "npc": 8, "is_defeated": true}}, {"model": "game.user_npc", "pk": 145, "fields": {"user": 5, "npc": 8, "is_defeated": false}}, {"model": "game.user_npc", "pk": 146, "fields": {"user": 9, "npc": 8, "is_defeated": false}}, {"model": "game.user_npc", "pk": 147, "fields": {"user": 10, "npc": 8, "is_defeated": false}}, {"model": "game.user_npc", "pk": 148, "fields": {"user": 3, "npc": 8, "is_defeated": false}}, {"model": "game.user_npc", "pk": 149, "fields": {"user": 11, "npc": 8, "is_defeated": false}}, {"model": "game.user_npc", "pk": 150, "fields": {"user": 7, "npc": 8, "is_defeated": false}}, {"model": "game.user_npc", "pk": 151, "fields": {"user": 6, "npc": 8, "is_defeated": false}}, {"model": "game.user_npc", "pk": 152, "fields": {"user": 8, "npc": 8, "is_defeated": false}}, {"model": "game.user_npc", "pk": 153, "fields": {"user": 12, "npc": 8, "is_defeated": false}}, {"model": "game.user_npc", "pk": 154, "fields": {"user": 13, "npc": 8, "is_defeated": false}}, {"model": "game.user_npc", "pk": 155, "fields": {"user": 14, "npc": 8, "is_defeated": false}}, {"model": "game.user_npc", "pk": 156, "fields": {"user": 15, "npc": 8, "is_defeated": false}}, {"model": "game.user_npc", "pk": 157, "fields": {"user": 16, "npc": 8, "is_defeated": false}}, {"model": "game.user_npc", "pk": 158, "fields": {"user": 17, "npc": 8, "is_defeated": false}}, {"model": "game.user_npc", "pk": 159, "fields": {"user": 4, "npc": 9, "is_defeated": false}}, {"model": "game.user_npc", "pk": 160, "fields": {"user": 2, "npc": 9, "is_defeated": true}}, {"model": "game.user_npc", "pk": 161, "fields": {"user": 5, "npc": 9, "is_defeated": false}}, {"model": "game.user_npc", "pk": 162, "fields": {"user": 9, "npc": 9, "is_defeated": false}}, {"model": "game.user_npc", "pk": 163, "fields": {"user": 10, "npc": 9, "is_defeated": false}}, {"model": "game.user_npc", "pk": 164, "fields": {"user": 3, "npc": 9, "is_defeated": false}}, {"model": "game.user_npc", "pk": 165, "fields": {"user": 11, "npc": 9, "is_defeated": false}}, {"model": "game.user_npc", "pk": 166, "fields": {"user": 7, "npc": 9, "is_defeated": false}}, {"model": "game.user_npc", "pk": 167, "fields": {"user": 6, "npc": 9, "is_defeated": false}}, {"model": "game.user_npc", "pk": 168, "fields": {"user": 8, "npc": 9, "is_defeated": false}}, {"model": "game.user_npc", "pk": 169, "fields": {"user": 12, "npc": 9, "is_defeated": false}}, {"model": "game.user_npc", "pk": 170, "fields": {"user": 13, "npc": 9, "is_defeated": false}}, {"model": "game.user_npc", "pk": 171, "fields": {"user": 14, "npc": 9, "is_defeated": false}}, {"model": "game.user_npc", "pk": 172, "fields": {"user": 15, "npc": 9, "is_defeated": false}}, {"model": "game.user_npc", "pk": 173, "fields": {"user": 16, "npc": 9, "is_defeated": false}}, {"model": "game.user_npc", "pk": 174, "fields": {"user": 17, "npc": 9, "is_defeated": false}}, {"model": "game.user_npc", "pk": 175, "fields": {"user": 4, "npc": 10, "is_defeated": false}}, {"model": "game.user_npc", "pk": 176, "fields": {"user": 2, "npc": 10, "is_defeated": true}}, {"model": "game.user_npc", "pk": 177, "fields": {"user": 5, "npc": 10, "is_defeated": false}}, {"model": "game.user_npc", "pk": 178, "fields": {"user": 9, "npc": 10, "is_defeated": false}}, {"model": "game.user_npc", "pk": 179, "fields": {"user": 10, "npc": 10, "is_defeated": false}}, {"model": "game.user_npc", "pk": 180, "fields": {"user": 3, "npc": 10, "is_defeated": false}}, {"model": "game.user_npc", "pk": 181, "fields": {"user": 11, "npc": 10, "is_defeated": false}}, {"model": "game.user_npc", "pk": 182, "fields": {"user": 7, "npc": 10, "is_defeated": false}}, {"model": "game.user_npc", "pk": 183, "fields": {"user": 6, "npc": 10, "is_defeated": false}}, {"model": "game.user_npc", "pk": 184, "fields": {"user": 8, "npc": 10, "is_defeated": false}}, {"model": "game.user_npc", "pk": 185, "fields": {"user": 12, "npc": 10, "is_defeated": false}}, {"model": "game.user_npc", "pk": 186, "fields": {"user": 13, "npc": 10, "is_defeated": false}}, {"model": "game.user_npc", "pk": 187, "fields": {"user": 14, "npc": 10, "is_defeated": false}}, {"model": "game.user_npc", "pk": 188, "fields": {"user": 15, "npc": 10, "is_defeated": false}}, {"model": "game.user_npc", "pk": 189, "fields": {"user": 16, "npc": 10, "is_defeated": false}}, {"model": "game.user_npc", "pk": 190, "fields": {"user": 17, "npc": 10, "is_defeated": false}}, {"model": "game.user_npc", "pk": 191, "fields": {"user": 4, "npc": 11, "is_defeated": false}}, {"model": "game.user_npc", "pk": 192, "fields": {"user": 2, "npc": 11, "is_defeated": false}}, {"model": "game.user_npc", "pk": 193, "fields": {"user": 5, "npc": 11, "is_defeated": false}}, {"model": "game.user_npc", "pk": 194, "fields": {"user": 9, "npc": 11, "is_defeated": false}}, {"model": "game.user_npc", "pk": 195, "fields": {"user": 10, "npc": 11, "is_defeated": false}}, {"model": "game.user_npc", "pk": 196, "fields": {"user": 3, "npc": 11, "is_defeated": false}}, {"model": "game.user_npc", "pk": 197, "fields": {"user": 11, "npc": 11, "is_defeated": false}}, {"model": "game.user_npc", "pk": 198, "fields": {"user": 7, "npc": 11, "is_defeated": false}}, {"model": "game.user_npc", "pk": 199, "fields": {"user": 6, "npc": 11, "is_defeated": false}}, {"model": "game.user_npc", "pk": 200, "fields": {"user": 8, "npc": 11, "is_defeated": false}}, {"model": "game.user_npc", "pk": 201, "fields": {"user": 12, "npc": 11, "is_defeated": false}}, {"model": "game.user_npc", "pk": 202, "fields": {"user": 13, "npc": 11, "is_defeated": false}}, {"model": "game.user_npc", "pk": 203, "fields": {"user": 14, "npc": 11, "is_defeated": false}}, {"model": "game.user_npc", "pk": 204, "fields": {"user": 15, "npc": 11, "is_defeated": false}}, {"model": "game.user_npc", "pk": 205, "fields": {"user": 16, "npc": 11, "is_defeated": false}}, {"model": "game.user_npc", "pk": 206, "fields": {"user": 17, "npc": 11, "is_defeated": false}}, {"model": "game.user_npc", "pk": 207, "fields": {"user": 4, "npc": 12, "is_defeated": false}}, {"model": "game.user_npc", "pk": 208, "fields": {"user": 2, "npc": 12, "is_defeated": false}}, {"model": "game.user_npc", "pk": 209, "fields": {"user": 5, "npc": 12, "is_defeated": false}}, {"model": "game.user_npc", "pk": 210, "fields": {"user": 9, "npc": 12, "is_defeated": false}}, {"model": "game.user_npc", "pk": 211, "fields": {"user": 10, "npc": 12, "is_defeated": false}}, {"model": "game.user_npc", "pk": 212, "fields": {"user": 3, "npc": 12, "is_defeated": false}}, {"model": "game.user_npc", "pk": 213, "fields": {"user": 11, "npc": 12, "is_defeated": false}}, {"model": "game.user_npc", "pk": 214, "fields": {"user": 7, "npc": 12, "is_defeated": false}}, {"model": "game.user_npc", "pk": 215, "fields": {"user": 6, "npc": 12, "is_defeated": false}}, {"model": "game.user_npc", "pk": 216, "fields": {"user": 8, "npc": 12, "is_defeated": false}}, {"model": "game.user_npc", "pk": 217, "fields": {"user": 12, "npc": 12, "is_defeated": false}}, {"model": "game.user_npc", "pk": 218, "fields": {"user": 13, "npc": 12, "is_defeated": false}}, {"model": "game.user_npc", "pk": 219, "fields": {"user": 14, "npc": 12, "is_defeated": false}}, {"model": "game.user_npc", "pk": 220, "fields": {"user": 15, "npc": 12, "is_defeated": false}}, {"model": "game.user_npc", "pk": 221, "fields": {"user": 16, "npc": 12, "is_defeated": false}}, {"model": "game.user_npc", "pk": 222, "fields": {"user": 17, "npc": 12, "is_defeated": false}}, {"model": "game.user_npc", "pk": 223, "fields": {"user": 4, "npc": 13, "is_defeated": false}}, {"model": "game.user_npc", "pk": 224, "fields": {"user": 2, "npc": 13, "is_defeated": false}}, {"model": "game.user_npc", "pk": 225, "fields": {"user": 5, "npc": 13, "is_defeated": false}}, {"model": "game.user_npc", "pk": 226, "fields": {"user": 9, "npc": 13, "is_defeated": false}}, {"model": "game.user_npc", "pk": 227, "fields": {"user": 10, "npc": 13, "is_defeated": false}}, {"model": "game.user_npc", "pk": 228, "fields": {"user": 3, "npc": 13, "is_defeated": false}}, {"model": "game.user_npc", "pk": 229, "fields": {"user": 11, "npc": 13, "is_defeated": false}}, {"model": "game.user_npc", "pk": 230, "fields": {"user": 7, "npc": 13, "is_defeated": false}}, {"model": "game.user_npc", "pk": 231, "fields": {"user": 6, "npc": 13, "is_defeated": false}}, {"model": "game.user_npc", "pk": 232, "fields": {"user": 8, "npc": 13, "is_defeated": false}}, {"model": "game.user_npc", "pk": 233, "fields": {"user": 12, "npc": 13, "is_defeated": false}}, {"model": "game.user_npc", "pk": 234, "fields": {"user": 13, "npc": 13, "is_defeated": false}}, {"model": "game.user_npc", "pk": 235, "fields": {"user": 14, "npc": 13, "is_defeated": false}}, {"model": "game.user_npc", "pk": 236, "fields": {"user": 15, "npc": 13, "is_defeated": false}}, {"model": "game.user_npc", "pk": 237, "fields": {"user": 16, "npc": 13, "is_defeated": false}}, {"model": "game.user_npc", "pk": 238, "fields": {"user": 17, "npc": 13, "is_defeated": false}}, {"model": "game.user_npc", "pk": 239, "fields": {"user": 4, "npc": 14, "is_defeated": false}}, {"model": "game.user_npc", "pk": 240, "fields": {"user": 2, "npc": 14, "is_defeated": false}}, {"model": "game.user_npc", "pk": 241, "fields": {"user": 5, "npc": 14, "is_defeated": false}}, {"model": "game.user_npc", "pk": 242, "fields": {"user": 9, "npc": 14, "is_defeated": false}}, {"model": "game.user_npc", "pk": 243, "fields": {"user": 10, "npc": 14, "is_defeated": false}}, {"model": "game.user_npc", "pk": 244, "fields": {"user": 3, "npc": 14, "is_defeated": false}}, {"model": "game.user_npc", "pk": 245, "fields": {"user": 11, "npc": 14, "is_defeated": false}}, {"model": "game.user_npc", "pk": 246, "fields": {"user": 7, "npc": 14, "is_defeated": false}}, {"model": "game.user_npc", "pk": 247, "fields": {"user": 6, "npc": 14, "is_defeated": false}}, {"model": "game.user_npc", "pk": 248, "fields": {"user": 8, "npc": 14, "is_defeated": false}}, {"model": "game.user_npc", "pk": 249, "fields": {"user": 12, "npc": 14, "is_defeated": false}}, {"model": "game.user_npc", "pk": 250, "fields": {"user": 13, "npc": 14, "is_defeated": false}}, {"model": "game.user_npc", "pk": 251, "fields": {"user": 14, "npc": 14, "is_defeated": false}}, {"model": "game.user_npc", "pk": 252, "fields": {"user": 15, "npc": 14, "is_defeated": false}}, {"model": "game.user_npc", "pk": 253, "fields": {"user": 16, "npc": 14, "is_defeated": false}}, {"model": "game.user_npc", "pk": 254, "fields": {"user": 17, "npc": 14, "is_defeated": false}}, {"model": "game.user_npc", "pk": 255, "fields": {"user": 50, "npc": 4, "is_defeated": false}}, {"model": "game.user_npc", "pk": 256, "fields": {"user": 50, "npc": 5, "is_defeated": false}}, {"model": "game.user_npc", "pk": 257, "fields": {"user": 50, "npc": 6, "is_defeated": false}}, {"model": "game.user_npc", "pk": 258, "fields": {"user": 50, "npc": 7, "is_defeated": false}}, {"model": "game.user_npc", "pk": 259, "fields": {"user": 50, "npc": 8, "is_defeated": false}}, {"model": "game.user_npc", "pk": 260, "fields": {"user": 50, "npc": 9, "is_defeated": false}}, {"model": "game.user_npc", "pk": 261, "fields": {"user": 50, "npc": 10, "is_defeated": false}}, {"model": "game.user_npc", "pk": 262, "fields": {"user": 50, "npc": 11, "is_defeated": false}}, {"model": "game.user_npc", "pk": 263, "fields": {"user": 50, "npc": 12, "is_defeated": false}}, {"model": "game.user_npc", "pk": 264, "fields": {"user": 50, "npc": 13, "is_defeated": false}}, {"model": "game.user_npc", "pk": 265, "fields": {"user": 50, "npc": 14, "is_defeated": false}}, {"model": "game.user_npc", "pk": 266, "fields": {"user": 51, "npc": 4, "is_defeated": false}}, {"model": "game.user_npc", "pk": 267, "fields": {"user": 51, "npc": 5, "is_defeated": false}}, {"model": "game.user_npc", "pk": 268, "fields": {"user": 51, "npc": 6, "is_defeated": false}}, {"model": "game.user_npc", "pk": 269, "fields": {"user": 51, "npc": 7, "is_defeated": false}}, {"model": "game.user_npc", "pk": 270, "fields": {"user": 51, "npc": 8, "is_defeated": false}}, {"model": "game.user_npc", "pk": 271, "fields": {"user": 51, "npc": 9, "is_defeated": false}}, {"model": "game.user_npc", "pk": 272, "fields": {"user": 51, "npc": 10, "is_defeated": false}}, {"model": "game.user_npc", "pk": 273, "fields": {"user": 51, "npc": 11, "is_defeated": false}}, {"model": "game.user_npc", "pk": 274, "fields": {"user": 51, "npc": 12, "is_defeated": false}}, {"model": "game.user_npc", "pk": 275, "fields": {"user": 51, "npc": 13, "is_defeated": false}}, {"model": "game.user_npc", "pk": 276, "fields": {"user": 51, "npc": 14, "is_defeated": false}}, {"model": "game.user_npc", "pk": 277, "fields": {"user": 52, "npc": 4, "is_defeated": false}}, {"model": "game.user_npc", "pk": 278, "fields": {"user": 52, "npc": 5, "is_defeated": false}}, {"model": "game.user_npc", "pk": 279, "fields": {"user": 52, "npc": 6, "is_defeated": false}}, {"model": "game.user_npc", "pk": 280, "fields": {"user": 52, "npc": 7, "is_defeated": false}}, {"model": "game.user_npc", "pk": 281, "fields": {"user": 52, "npc": 8, "is_defeated": false}}, {"model": "game.user_npc", "pk": 282, "fields": {"user": 52, "npc": 9, "is_defeated": false}}, {"model": "game.user_npc", "pk": 283, "fields": {"user": 52, "npc": 10, "is_defeated": false}}, {"model": "game.user_npc", "pk": 284, "fields": {"user": 52, "npc": 11, "is_defeated": false}}, {"model": "game.user_npc", "pk": 285, "fields": {"user": 52, "npc": 12, "is_defeated": false}}, {"model": "game.user_npc", "pk": 286, "fields": {"user": 52, "npc": 13, "is_defeated": false}}, {"model": "game.user_npc", "pk": 287, "fields": {"user": 52, "npc": 14, "is_defeated": false}}, {"model": "game.user_npc", "pk": 288, "fields": {"user": 53, "npc": 4, "is_defeated": false}}, {"model": "game.user_npc", "pk": 289, "fields": {"user": 53, "npc": 5, "is_defeated": false}}, {"model": "game.user_npc", "pk": 290, "fields": {"user": 53, "npc": 6, "is_defeated": false}}, {"model": "game.user_npc", "pk": 291, "fields": {"user": 53, "npc": 9, "is_defeated": false}}, {"model": "game.user_npc", "pk": 292, "fields": {"user": 53, "npc": 10, "is_defeated": false}}, {"model": "game.user_npc", "pk": 293, "fields": {"user": 53, "npc": 11, "is_defeated": false}}, {"model": "game.user_npc", "pk": 294, "fields": {"user": 53, "npc": 12, "is_defeated": false}}, {"model": "game.user_npc", "pk": 295, "fields": {"user": 53, "npc": 13, "is_defeated": false}}, {"model": "game.user_npc", "pk": 296, "fields": {"user": 53, "npc": 14, "is_defeated": false}}, {"model": "game.user_npc", "pk": 297, "fields": {"user": 53, "npc": 8, "is_defeated": false}}, {"model": "game.user_npc", "pk": 298, "fields": {"user": 53, "npc": 7, "is_defeated": false}}, {"model": "game.user_npc", "pk": 299, "fields": {"user": 54, "npc": 4, "is_defeated": false}}, {"model": "game.user_npc", "pk": 300, "fields": {"user": 54, "npc": 5, "is_defeated": false}}, {"model": "game.user_npc", "pk": 301, "fields": {"user": 54, "npc": 6, "is_defeated": false}}, {"model": "game.user_npc", "pk": 302, "fields": {"user": 54, "npc": 9, "is_defeated": false}}, {"model": "game.user_npc", "pk": 303, "fields": {"user": 54, "npc": 10, "is_defeated": false}}, {"model": "game.user_npc", "pk": 304, "fields": {"user": 54, "npc": 11, "is_defeated": false}}, {"model": "game.user_npc", "pk": 305, "fields": {"user": 54, "npc": 12, "is_defeated": false}}, {"model": "game.user_npc", "pk": 306, "fields": {"user": 54, "npc": 13, "is_defeated": false}}, {"model": "game.user_npc", "pk": 307, "fields": {"user": 54, "npc": 14, "is_defeated": false}}, {"model": "game.user_npc", "pk": 308, "fields": {"user": 54, "npc": 8, "is_defeated": false}}, {"model": "game.user_npc", "pk": 309, "fields": {"user": 54, "npc": 7, "is_defeated": false}}, {"model": "game.user_npc", "pk": 310, "fields": {"user": 55, "npc": 4, "is_defeated": false}}, {"model": "game.user_npc", "pk": 311, "fields": {"user": 55, "npc": 5, "is_defeated": false}}, {"model": "game.user_npc", "pk": 312, "fields": {"user": 55, "npc": 6, "is_defeated": false}}, {"model": "game.user_npc", "pk": 313, "fields": {"user": 55, "npc": 9, "is_defeated": false}}, {"model": "game.user_npc", "pk": 314, "fields": {"user": 55, "npc": 10, "is_defeated": false}}, {"model": "game.user_npc", "pk": 315, "fields": {"user": 55, "npc": 11, "is_defeated": false}}, {"model": "game.user_npc", "pk": 316, "fields": {"user": 55, "npc": 12, "is_defeated": false}}, {"model": "game.user_npc", "pk": 317, "fields": {"user": 55, "npc": 13, "is_defeated": false}}, {"model": "game.user_npc", "pk": 318, "fields": {"user": 55, "npc": 14, "is_defeated": false}}, {"model": "game.user_npc", "pk": 319, "fields": {"user": 55, "npc": 8, "is_defeated": false}}, {"model": "game.user_npc", "pk": 320, "fields": {"user": 55, "npc": 7, "is_defeated": false}}, {"model": "game.user_npc", "pk": 321, "fields": {"user": 4, "npc": 15, "is_defeated": false}}, {"model": "game.user_npc", "pk": 322, "fields": {"user": 50, "npc": 15, "is_defeated": false}}, {"model": "game.user_npc", "pk": 323, "fields": {"user": 51, "npc": 15, "is_defeated": false}}, {"model": "game.user_npc", "pk": 324, "fields": {"user": 52, "npc": 15, "is_defeated": false}}, {"model": "game.user_npc", "pk": 325, "fields": {"user": 54, "npc": 15, "is_defeated": false}}, {"model": "game.user_npc", "pk": 326, "fields": {"user": 55, "npc": 15, "is_defeated": false}}, {"model": "game.user_npc", "pk": 327, "fields": {"user": 16, "npc": 15, "is_defeated": false}}, {"model": "game.user_npc", "pk": 328, "fields": {"user": 9, "npc": 15, "is_defeated": false}}, {"model": "game.user_npc", "pk": 329, "fields": {"user": 15, "npc": 15, "is_defeated": false}}, {"model": "game.user_npc", "pk": 330, "fields": {"user": 10, "npc": 15, "is_defeated": false}}, {"model": "game.user_npc", "pk": 331, "fields": {"user": 7, "npc": 15, "is_defeated": false}}, {"model": "game.user_npc", "pk": 332, "fields": {"user": 6, "npc": 15, "is_defeated": false}}, {"model": "game.user_npc", "pk": 333, "fields": {"user": 8, "npc": 15, "is_defeated": false}}, {"model": "game.user_npc", "pk": 334, "fields": {"user": 2, "npc": 15, "is_defeated": false}}, {"model": "game.user_npc", "pk": 335, "fields": {"user": 12, "npc": 15, "is_defeated": false}}, {"model": "game.user_npc", "pk": 336, "fields": {"user": 13, "npc": 15, "is_defeated": false}}, {"model": "game.user_npc", "pk": 337, "fields": {"user": 14, "npc": 15, "is_defeated": false}}, {"model": "game.user_npc", "pk": 338, "fields": {"user": 3, "npc": 15, "is_defeated": false}}, {"model": "game.user_npc", "pk": 339, "fields": {"user": 5, "npc": 15, "is_defeated": false}}, {"model": "game.user_npc", "pk": 340, "fields": {"user": 17, "npc": 15, "is_defeated": false}}, {"model": "game.user_npc", "pk": 341, "fields": {"user": 53, "npc": 15, "is_defeated": false}}, {"model": "game.user_npc", "pk": 342, "fields": {"user": 11, "npc": 15, "is_defeated": false}}, {"model": "game.user_npc", "pk": 343, "fields": {"user": 4, "npc": 16, "is_defeated": false}}, {"model": "game.user_npc", "pk": 344, "fields": {"user": 50, "npc": 16, "is_defeated": false}}, {"model": "game.user_npc", "pk": 345, "fields": {"user": 51, "npc": 16, "is_defeated": false}}, {"model": "game.user_npc", "pk": 346, "fields": {"user": 52, "npc": 16, "is_defeated": false}}, {"model": "game.user_npc", "pk": 347, "fields": {"user": 54, "npc": 16, "is_defeated": false}}, {"model": "game.user_npc", "pk": 348, "fields": {"user": 55, "npc": 16, "is_defeated": false}}, {"model": "game.user_npc", "pk": 349, "fields": {"user": 16, "npc": 16, "is_defeated": false}}, {"model": "game.user_npc", "pk": 350, "fields": {"user": 9, "npc": 16, "is_defeated": false}}, {"model": "game.user_npc", "pk": 351, "fields": {"user": 15, "npc": 16, "is_defeated": false}}, {"model": "game.user_npc", "pk": 352, "fields": {"user": 10, "npc": 16, "is_defeated": false}}, {"model": "game.user_npc", "pk": 353, "fields": {"user": 7, "npc": 16, "is_defeated": false}}, {"model": "game.user_npc", "pk": 354, "fields": {"user": 6, "npc": 16, "is_defeated": false}}, {"model": "game.user_npc", "pk": 355, "fields": {"user": 8, "npc": 16, "is_defeated": false}}, {"model": "game.user_npc", "pk": 356, "fields": {"user": 2, "npc": 16, "is_defeated": false}}, {"model": "game.user_npc", "pk": 357, "fields": {"user": 12, "npc": 16, "is_defeated": false}}, {"model": "game.user_npc", "pk": 358, "fields": {"user": 13, "npc": 16, "is_defeated": false}}, {"model": "game.user_npc", "pk": 359, "fields": {"user": 14, "npc": 16, "is_defeated": false}}, {"model": "game.user_npc", "pk": 360, "fields": {"user": 3, "npc": 16, "is_defeated": false}}, {"model": "game.user_npc", "pk": 361, "fields": {"user": 5, "npc": 16, "is_defeated": false}}, {"model": "game.user_npc", "pk": 362, "fields": {"user": 17, "npc": 16, "is_defeated": false}}, {"model": "game.user_npc", "pk": 363, "fields": {"user": 53, "npc": 16, "is_defeated": false}}, {"model": "game.user_npc", "pk": 364, "fields": {"user": 11, "npc": 16, "is_defeated": false}}, {"model": "game.user_npc", "pk": 365, "fields": {"user": 4, "npc": 17, "is_defeated": false}}, {"model": "game.user_npc", "pk": 366, "fields": {"user": 50, "npc": 17, "is_defeated": false}}, {"model": "game.user_npc", "pk": 367, "fields": {"user": 51, "npc": 17, "is_defeated": false}}, {"model": "game.user_npc", "pk": 368, "fields": {"user": 52, "npc": 17, "is_defeated": false}}, {"model": "game.user_npc", "pk": 369, "fields": {"user": 54, "npc": 17, "is_defeated": false}}, {"model": "game.user_npc", "pk": 370, "fields": {"user": 55, "npc": 17, "is_defeated": false}}, {"model": "game.user_npc", "pk": 371, "fields": {"user": 16, "npc": 17, "is_defeated": false}}, {"model": "game.user_npc", "pk": 372, "fields": {"user": 9, "npc": 17, "is_defeated": false}}, {"model": "game.user_npc", "pk": 373, "fields": {"user": 15, "npc": 17, "is_defeated": false}}, {"model": "game.user_npc", "pk": 374, "fields": {"user": 10, "npc": 17, "is_defeated": false}}, {"model": "game.user_npc", "pk": 375, "fields": {"user": 7, "npc": 17, "is_defeated": false}}, {"model": "game.user_npc", "pk": 376, "fields": {"user": 6, "npc": 17, "is_defeated": false}}, {"model": "game.user_npc", "pk": 377, "fields": {"user": 8, "npc": 17, "is_defeated": false}}, {"model": "game.user_npc", "pk": 378, "fields": {"user": 2, "npc": 17, "is_defeated": false}}, {"model": "game.user_npc", "pk": 379, "fields": {"user": 12, "npc": 17, "is_defeated": false}}, {"model": "game.user_npc", "pk": 380, "fields": {"user": 13, "npc": 17, "is_defeated": false}}, {"model": "game.user_npc", "pk": 381, "fields": {"user": 14, "npc": 17, "is_defeated": false}}, {"model": "game.user_npc", "pk": 382, "fields": {"user": 3, "npc": 17, "is_defeated": false}}, {"model": "game.user_npc", "pk": 383, "fields": {"user": 5, "npc": 17, "is_defeated": false}}, {"model": "game.user_npc", "pk": 384, "fields": {"user": 17, "npc": 17, "is_defeated": false}}, {"model": "game.user_npc", "pk": 385, "fields": {"user": 53, "npc": 17, "is_defeated": false}}, {"model": "game.user_npc", "pk": 386, "fields": {"user": 11, "npc": 17, "is_defeated": false}}, {"model": "game.user_npc", "pk": 387, "fields": {"user": 4, "npc": 18, "is_defeated": false}}, {"model": "game.user_npc", "pk": 388, "fields": {"user": 50, "npc": 18, "is_defeated": false}}, {"model": "game.user_npc", "pk": 389, "fields": {"user": 51, "npc": 18, "is_defeated": false}}, {"model": "game.user_npc", "pk": 390, "fields": {"user": 52, "npc": 18, "is_defeated": false}}, {"model": "game.user_npc", "pk": 391, "fields": {"user": 54, "npc": 18, "is_defeated": false}}, {"model": "game.user_npc", "pk": 392, "fields": {"user": 55, "npc": 18, "is_defeated": false}}, {"model": "game.user_npc", "pk": 393, "fields": {"user": 16, "npc": 18, "is_defeated": false}}, {"model": "game.user_npc", "pk": 394, "fields": {"user": 9, "npc": 18, "is_defeated": false}}, {"model": "game.user_npc", "pk": 395, "fields": {"user": 15, "npc": 18, "is_defeated": false}}, {"model": "game.user_npc", "pk": 396, "fields": {"user": 10, "npc": 18, "is_defeated": false}}, {"model": "game.user_npc", "pk": 397, "fields": {"user": 7, "npc": 18, "is_defeated": false}}, {"model": "game.user_npc", "pk": 398, "fields": {"user": 6, "npc": 18, "is_defeated": false}}, {"model": "game.user_npc", "pk": 399, "fields": {"user": 8, "npc": 18, "is_defeated": false}}, {"model": "game.user_npc", "pk": 400, "fields": {"user": 2, "npc": 18, "is_defeated": false}}, {"model": "game.user_npc", "pk": 401, "fields": {"user": 12, "npc": 18, "is_defeated": false}}, {"model": "game.user_npc", "pk": 402, "fields": {"user": 13, "npc": 18, "is_defeated": false}}, {"model": "game.user_npc", "pk": 403, "fields": {"user": 14, "npc": 18, "is_defeated": false}}, {"model": "game.user_npc", "pk": 404, "fields": {"user": 3, "npc": 18, "is_defeated": false}}, {"model": "game.user_npc", "pk": 405, "fields": {"user": 5, "npc": 18, "is_defeated": false}}, {"model": "game.user_npc", "pk": 406, "fields": {"user": 17, "npc": 18, "is_defeated": false}}, {"model": "game.user_npc", "pk": 407, "fields": {"user": 53, "npc": 18, "is_defeated": false}}, {"model": "game.user_npc", "pk": 408, "fields": {"user": 11, "npc": 18, "is_defeated": false}}, {"model": "game.user_npc", "pk": 409, "fields": {"user": 4, "npc": 19, "is_defeated": false}}, {"model": "game.user_npc", "pk": 410, "fields": {"user": 50, "npc": 19, "is_defeated": false}}, {"model": "game.user_npc", "pk": 411, "fields": {"user": 51, "npc": 19, "is_defeated": false}}, {"model": "game.user_npc", "pk": 412, "fields": {"user": 52, "npc": 19, "is_defeated": false}}, {"model": "game.user_npc", "pk": 413, "fields": {"user": 54, "npc": 19, "is_defeated": false}}, {"model": "game.user_npc", "pk": 414, "fields": {"user": 55, "npc": 19, "is_defeated": false}}, {"model": "game.user_npc", "pk": 415, "fields": {"user": 16, "npc": 19, "is_defeated": false}}, {"model": "game.user_npc", "pk": 416, "fields": {"user": 9, "npc": 19, "is_defeated": false}}, {"model": "game.user_npc", "pk": 417, "fields": {"user": 15, "npc": 19, "is_defeated": false}}, {"model": "game.user_npc", "pk": 418, "fields": {"user": 10, "npc": 19, "is_defeated": false}}, {"model": "game.user_npc", "pk": 419, "fields": {"user": 7, "npc": 19, "is_defeated": false}}, {"model": "game.user_npc", "pk": 420, "fields": {"user": 6, "npc": 19, "is_defeated": false}}, {"model": "game.user_npc", "pk": 421, "fields": {"user": 8, "npc": 19, "is_defeated": false}}, {"model": "game.user_npc", "pk": 422, "fields": {"user": 2, "npc": 19, "is_defeated": false}}, {"model": "game.user_npc", "pk": 423, "fields": {"user": 12, "npc": 19, "is_defeated": false}}, {"model": "game.user_npc", "pk": 424, "fields": {"user": 13, "npc": 19, "is_defeated": false}}, {"model": "game.user_npc", "pk": 425, "fields": {"user": 14, "npc": 19, "is_defeated": false}}, {"model": "game.user_npc", "pk": 426, "fields": {"user": 3, "npc": 19, "is_defeated": false}}, {"model": "game.user_npc", "pk": 427, "fields": {"user": 5, "npc": 19, "is_defeated": false}}, {"model": "game.user_npc", "pk": 428, "fields": {"user": 17, "npc": 19, "is_defeated": false}}, {"model": "game.user_npc", "pk": 429, "fields": {"user": 53, "npc": 19, "is_defeated": false}}, {"model": "game.user_npc", "pk": 430, "fields": {"user": 11, "npc": 19, "is_defeated": false}}, {"model": "game.user_npc", "pk": 431, "fields": {"user": 4, "npc": 20, "is_defeated": false}}, {"model": "game.user_npc", "pk": 432, "fields": {"user": 50, "npc": 20, "is_defeated": false}}, {"model": "game.user_npc", "pk": 433, "fields": {"user": 51, "npc": 20, "is_defeated": false}}, {"model": "game.user_npc", "pk": 434, "fields": {"user": 52, "npc": 20, "is_defeated": false}}, {"model": "game.user_npc", "pk": 435, "fields": {"user": 54, "npc": 20, "is_defeated": false}}, {"model": "game.user_npc", "pk": 436, "fields": {"user": 55, "npc": 20, "is_defeated": false}}, {"model": "game.user_npc", "pk": 437, "fields": {"user": 16, "npc": 20, "is_defeated": false}}, {"model": "game.user_npc", "pk": 438, "fields": {"user": 9, "npc": 20, "is_defeated": false}}, {"model": "game.user_npc", "pk": 439, "fields": {"user": 15, "npc": 20, "is_defeated": false}}, {"model": "game.user_npc", "pk": 440, "fields": {"user": 10, "npc": 20, "is_defeated": false}}, {"model": "game.user_npc", "pk": 441, "fields": {"user": 7, "npc": 20, "is_defeated": false}}, {"model": "game.user_npc", "pk": 442, "fields": {"user": 6, "npc": 20, "is_defeated": false}}, {"model": "game.user_npc", "pk": 443, "fields": {"user": 8, "npc": 20, "is_defeated": false}}, {"model": "game.user_npc", "pk": 444, "fields": {"user": 2, "npc": 20, "is_defeated": false}}, {"model": "game.user_npc", "pk": 445, "fields": {"user": 12, "npc": 20, "is_defeated": false}}, {"model": "game.user_npc", "pk": 446, "fields": {"user": 13, "npc": 20, "is_defeated": false}}, {"model": "game.user_npc", "pk": 447, "fields": {"user": 14, "npc": 20, "is_defeated": false}}, {"model": "game.user_npc", "pk": 448, "fields": {"user": 3, "npc": 20, "is_defeated": false}}, {"model": "game.user_npc", "pk": 449, "fields": {"user": 5, "npc": 20, "is_defeated": false}}, {"model": "game.user_npc", "pk": 450, "fields": {"user": 17, "npc": 20, "is_defeated": false}}, {"model": "game.user_npc", "pk": 451, "fields": {"user": 53, "npc": 20, "is_defeated": false}}, {"model": "game.user_npc", "pk": 452, "fields": {"user": 11, "npc": 20, "is_defeated": false}}, {"model": "game.user_npc", "pk": 453, "fields": {"user": 4, "npc": 21, "is_defeated": false}}, {"model": "game.user_npc", "pk": 454, "fields": {"user": 50, "npc": 21, "is_defeated": false}}, {"model": "game.user_npc", "pk": 455, "fields": {"user": 51, "npc": 21, "is_defeated": false}}, {"model": "game.user_npc", "pk": 456, "fields": {"user": 52, "npc": 21, "is_defeated": false}}, {"model": "game.user_npc", "pk": 457, "fields": {"user": 54, "npc": 21, "is_defeated": false}}, {"model": "game.user_npc", "pk": 458, "fields": {"user": 55, "npc": 21, "is_defeated": false}}, {"model": "game.user_npc", "pk": 459, "fields": {"user": 16, "npc": 21, "is_defeated": false}}, {"model": "game.user_npc", "pk": 460, "fields": {"user": 9, "npc": 21, "is_defeated": false}}, {"model": "game.user_npc", "pk": 461, "fields": {"user": 15, "npc": 21, "is_defeated": false}}, {"model": "game.user_npc", "pk": 462, "fields": {"user": 10, "npc": 21, "is_defeated": false}}, {"model": "game.user_npc", "pk": 463, "fields": {"user": 7, "npc": 21, "is_defeated": false}}, {"model": "game.user_npc", "pk": 464, "fields": {"user": 6, "npc": 21, "is_defeated": false}}, {"model": "game.user_npc", "pk": 465, "fields": {"user": 8, "npc": 21, "is_defeated": false}}, {"model": "game.user_npc", "pk": 466, "fields": {"user": 2, "npc": 21, "is_defeated": false}}, {"model": "game.user_npc", "pk": 467, "fields": {"user": 12, "npc": 21, "is_defeated": false}}, {"model": "game.user_npc", "pk": 468, "fields": {"user": 13, "npc": 21, "is_defeated": false}}, {"model": "game.user_npc", "pk": 469, "fields": {"user": 14, "npc": 21, "is_defeated": false}}, {"model": "game.user_npc", "pk": 470, "fields": {"user": 3, "npc": 21, "is_defeated": false}}, {"model": "game.user_npc", "pk": 471, "fields": {"user": 5, "npc": 21, "is_defeated": false}}, {"model": "game.user_npc", "pk": 472, "fields": {"user": 17, "npc": 21, "is_defeated": false}}, {"model": "game.user_npc", "pk": 473, "fields": {"user": 53, "npc": 21, "is_defeated": false}}, {"model": "game.user_npc", "pk": 474, "fields": {"user": 11, "npc": 21, "is_defeated": false}}, {"model": "game.user_npc", "pk": 475, "fields": {"user": 4, "npc": 22, "is_defeated": false}}, {"model": "game.user_npc", "pk": 476, "fields": {"user": 50, "npc": 22, "is_defeated": false}}, {"model": "game.user_npc", "pk": 477, "fields": {"user": 51, "npc": 22, "is_defeated": false}}, {"model": "game.user_npc", "pk": 478, "fields": {"user": 52, "npc": 22, "is_defeated": false}}, {"model": "game.user_npc", "pk": 479, "fields": {"user": 54, "npc": 22, "is_defeated": false}}, {"model": "game.user_npc", "pk": 480, "fields": {"user": 55, "npc": 22, "is_defeated": false}}, {"model": "game.user_npc", "pk": 481, "fields": {"user": 16, "npc": 22, "is_defeated": false}}, {"model": "game.user_npc", "pk": 482, "fields": {"user": 9, "npc": 22, "is_defeated": false}}, {"model": "game.user_npc", "pk": 483, "fields": {"user": 15, "npc": 22, "is_defeated": false}}, {"model": "game.user_npc", "pk": 484, "fields": {"user": 10, "npc": 22, "is_defeated": false}}, {"model": "game.user_npc", "pk": 485, "fields": {"user": 7, "npc": 22, "is_defeated": false}}, {"model": "game.user_npc", "pk": 486, "fields": {"user": 6, "npc": 22, "is_defeated": false}}, {"model": "game.user_npc", "pk": 487, "fields": {"user": 8, "npc": 22, "is_defeated": false}}, {"model": "game.user_npc", "pk": 488, "fields": {"user": 2, "npc": 22, "is_defeated": false}}, {"model": "game.user_npc", "pk": 489, "fields": {"user": 12, "npc": 22, "is_defeated": false}}, {"model": "game.user_npc", "pk": 490, "fields": {"user": 13, "npc": 22, "is_defeated": false}}, {"model": "game.user_npc", "pk": 491, "fields": {"user": 14, "npc": 22, "is_defeated": false}}, {"model": "game.user_npc", "pk": 492, "fields": {"user": 3, "npc": 22, "is_defeated": false}}, {"model": "game.user_npc", "pk": 493, "fields": {"user": 5, "npc": 22, "is_defeated": false}}, {"model": "game.user_npc", "pk": 494, "fields": {"user": 17, "npc": 22, "is_defeated": false}}, {"model": "game.user_npc", "pk": 495, "fields": {"user": 53, "npc": 22, "is_defeated": false}}, {"model": "game.user_npc", "pk": 496, "fields": {"user": 11, "npc": 22, "is_defeated": false}}, {"model": "game.user_npc", "pk": 497, "fields": {"user": 4, "npc": 23, "is_defeated": false}}, {"model": "game.user_npc", "pk": 498, "fields": {"user": 50, "npc": 23, "is_defeated": false}}, {"model": "game.user_npc", "pk": 499, "fields": {"user": 51, "npc": 23, "is_defeated": false}}, {"model": "game.user_npc", "pk": 500, "fields": {"user": 52, "npc": 23, "is_defeated": false}}, {"model": "game.user_npc", "pk": 501, "fields": {"user": 54, "npc": 23, "is_defeated": false}}, {"model": "game.user_npc", "pk": 502, "fields": {"user": 55, "npc": 23, "is_defeated": false}}, {"model": "game.user_npc", "pk": 503, "fields": {"user": 16, "npc": 23, "is_defeated": false}}, {"model": "game.user_npc", "pk": 504, "fields": {"user": 9, "npc": 23, "is_defeated": false}}, {"model": "game.user_npc", "pk": 505, "fields": {"user": 15, "npc": 23, "is_defeated": false}}, {"model": "game.user_npc", "pk": 506, "fields": {"user": 10, "npc": 23, "is_defeated": false}}, {"model": "game.user_npc", "pk": 507, "fields": {"user": 7, "npc": 23, "is_defeated": false}}, {"model": "game.user_npc", "pk": 508, "fields": {"user": 6, "npc": 23, "is_defeated": false}}, {"model": "game.user_npc", "pk": 509, "fields": {"user": 8, "npc": 23, "is_defeated": false}}, {"model": "game.user_npc", "pk": 510, "fields": {"user": 2, "npc": 23, "is_defeated": false}}, {"model": "game.user_npc", "pk": 511, "fields": {"user": 12, "npc": 23, "is_defeated": false}}, {"model": "game.user_npc", "pk": 512, "fields": {"user": 13, "npc": 23, "is_defeated": false}}, {"model": "game.user_npc", "pk": 513, "fields": {"user": 14, "npc": 23, "is_defeated": false}}, {"model": "game.user_npc", "pk": 514, "fields": {"user": 3, "npc": 23, "is_defeated": false}}, {"model": "game.user_npc", "pk": 515, "fields": {"user": 5, "npc": 23, "is_defeated": false}}, {"model": "game.user_npc", "pk": 516, "fields": {"user": 17, "npc": 23, "is_defeated": false}}, {"model": "game.user_npc", "pk": 517, "fields": {"user": 53, "npc": 23, "is_defeated": false}}, {"model": "game.user_npc", "pk": 518, "fields": {"user": 11, "npc": 23, "is_defeated": false}}, {"model": "game.user_npc", "pk": 519, "fields": {"user": 4, "npc": 24, "is_defeated": false}}, {"model": "game.user_npc", "pk": 520, "fields": {"user": 50, "npc": 24, "is_defeated": false}}, {"model": "game.user_npc", "pk": 521, "fields": {"user": 51, "npc": 24, "is_defeated": false}}, {"model": "game.user_npc", "pk": 522, "fields": {"user": 52, "npc": 24, "is_defeated": false}}, {"model": "game.user_npc", "pk": 523, "fields": {"user": 54, "npc": 24, "is_defeated": false}}, {"model": "game.user_npc", "pk": 524, "fields": {"user": 55, "npc": 24, "is_defeated": false}}, {"model": "game.user_npc", "pk": 525, "fields": {"user": 16, "npc": 24, "is_defeated": false}}, {"model": "game.user_npc", "pk": 526, "fields": {"user": 9, "npc": 24, "is_defeated": false}}, {"model": "game.user_npc", "pk": 527, "fields": {"user": 15, "npc": 24, "is_defeated": false}}, {"model": "game.user_npc", "pk": 528, "fields": {"user": 10, "npc": 24, "is_defeated": false}}, {"model": "game.user_npc", "pk": 529, "fields": {"user": 7, "npc": 24, "is_defeated": false}}, {"model": "game.user_npc", "pk": 530, "fields": {"user": 6, "npc": 24, "is_defeated": false}}, {"model": "game.user_npc", "pk": 531, "fields": {"user": 8, "npc": 24, "is_defeated": false}}, {"model": "game.user_npc", "pk": 532, "fields": {"user": 2, "npc": 24, "is_defeated": false}}, {"model": "game.user_npc", "pk": 533, "fields": {"user": 12, "npc": 24, "is_defeated": false}}, {"model": "game.user_npc", "pk": 534, "fields": {"user": 13, "npc": 24, "is_defeated": false}}, {"model": "game.user_npc", "pk": 535, "fields": {"user": 14, "npc": 24, "is_defeated": false}}, {"model": "game.user_npc", "pk": 536, "fields": {"user": 3, "npc": 24, "is_defeated": false}}, {"model": "game.user_npc", "pk": 537, "fields": {"user": 5, "npc": 24, "is_defeated": false}}, {"model": "game.user_npc", "pk": 538, "fields": {"user": 17, "npc": 24, "is_defeated": false}}, {"model": "game.user_npc", "pk": 539, "fields": {"user": 53, "npc": 24, "is_defeated": false}}, {"model": "game.user_npc", "pk": 540, "fields": {"user": 11, "npc": 24, "is_defeated": false}}, {"model": "game.user_npc", "pk": 541, "fields": {"user": 4, "npc": 25, "is_defeated": false}}, {"model": "game.user_npc", "pk": 542, "fields": {"user": 50, "npc": 25, "is_defeated": false}}, {"model": "game.user_npc", "pk": 543, "fields": {"user": 51, "npc": 25, "is_defeated": false}}, {"model": "game.user_npc", "pk": 544, "fields": {"user": 52, "npc": 25, "is_defeated": false}}, {"model": "game.user_npc", "pk": 545, "fields": {"user": 54, "npc": 25, "is_defeated": false}}, {"model": "game.user_npc", "pk": 546, "fields": {"user": 55, "npc": 25, "is_defeated": false}}, {"model": "game.user_npc", "pk": 547, "fields": {"user": 16, "npc": 25, "is_defeated": false}}, {"model": "game.user_npc", "pk": 548, "fields": {"user": 9, "npc": 25, "is_defeated": false}}, {"model": "game.user_npc", "pk": 549, "fields": {"user": 15, "npc": 25, "is_defeated": false}}, {"model": "game.user_npc", "pk": 550, "fields": {"user": 10, "npc": 25, "is_defeated": false}}, {"model": "game.user_npc", "pk": 551, "fields": {"user": 7, "npc": 25, "is_defeated": false}}, {"model": "game.user_npc", "pk": 552, "fields": {"user": 6, "npc": 25, "is_defeated": false}}, {"model": "game.user_npc", "pk": 553, "fields": {"user": 8, "npc": 25, "is_defeated": false}}, {"model": "game.user_npc", "pk": 554, "fields": {"user": 2, "npc": 25, "is_defeated": false}}, {"model": "game.user_npc", "pk": 555, "fields": {"user": 12, "npc": 25, "is_defeated": false}}, {"model": "game.user_npc", "pk": 556, "fields": {"user": 13, "npc": 25, "is_defeated": false}}, {"model": "game.user_npc", "pk": 557, "fields": {"user": 14, "npc": 25, "is_defeated": false}}, {"model": "game.user_npc", "pk": 558, "fields": {"user": 3, "npc": 25, "is_defeated": false}}, {"model": "game.user_npc", "pk": 559, "fields": {"user": 5, "npc": 25, "is_defeated": false}}, {"model": "game.user_npc", "pk": 560, "fields": {"user": 17, "npc": 25, "is_defeated": false}}, {"model": "game.user_npc", "pk": 561, "fields": {"user": 53, "npc": 25, "is_defeated": false}}, {"model": "game.user_npc", "pk": 562, "fields": {"user": 11, "npc": 25, "is_defeated": false}}, {"model": "game.user_npc", "pk": 563, "fields": {"user": 4, "npc": 26, "is_defeated": false}}, {"model": "game.user_npc", "pk": 564, "fields": {"user": 50, "npc": 26, "is_defeated": false}}, {"model": "game.user_npc", "pk": 565, "fields": {"user": 51, "npc": 26, "is_defeated": false}}, {"model": "game.user_npc", "pk": 566, "fields": {"user": 52, "npc": 26, "is_defeated": false}}, {"model": "game.user_npc", "pk": 567, "fields": {"user": 54, "npc": 26, "is_defeated": false}}, {"model": "game.user_npc", "pk": 568, "fields": {"user": 55, "npc": 26, "is_defeated": false}}, {"model": "game.user_npc", "pk": 569, "fields": {"user": 16, "npc": 26, "is_defeated": false}}, {"model": "game.user_npc", "pk": 570, "fields": {"user": 9, "npc": 26, "is_defeated": false}}, {"model": "game.user_npc", "pk": 571, "fields": {"user": 15, "npc": 26, "is_defeated": false}}, {"model": "game.user_npc", "pk": 572, "fields": {"user": 10, "npc": 26, "is_defeated": false}}, {"model": "game.user_npc", "pk": 573, "fields": {"user": 7, "npc": 26, "is_defeated": false}}, {"model": "game.user_npc", "pk": 574, "fields": {"user": 6, "npc": 26, "is_defeated": false}}, {"model": "game.user_npc", "pk": 575, "fields": {"user": 8, "npc": 26, "is_defeated": false}}, {"model": "game.user_npc", "pk": 576, "fields": {"user": 2, "npc": 26, "is_defeated": false}}, {"model": "game.user_npc", "pk": 577, "fields": {"user": 12, "npc": 26, "is_defeated": false}}, {"model": "game.user_npc", "pk": 578, "fields": {"user": 13, "npc": 26, "is_defeated": false}}, {"model": "game.user_npc", "pk": 579, "fields": {"user": 14, "npc": 26, "is_defeated": false}}, {"model": "game.user_npc", "pk": 580, "fields": {"user": 3, "npc": 26, "is_defeated": false}}, {"model": "game.user_npc", "pk": 581, "fields": {"user": 5, "npc": 26, "is_defeated": false}}, {"model": "game.user_npc", "pk": 582, "fields": {"user": 17, "npc": 26, "is_defeated": false}}, {"model": "game.user_npc", "pk": 583, "fields": {"user": 53, "npc": 26, "is_defeated": false}}, {"model": "game.user_npc", "pk": 584, "fields": {"user": 11, "npc": 26, "is_defeated": false}}, {"model": "analytics.history", "pk": 664, "fields": {"time": "2020-04-17T12:45:11.914Z", "choice": 3, "correct": false, "user": 2, "question": 18}}, {"model": "analytics.history", "pk": 665, "fields": {"time": "2020-04-17T12:45:11.920Z", "choice": 3, "correct": false, "user": 2, "question": 16}}, {"model": "analytics.history", "pk": 666, "fields": {"time": "2020-04-17T12:45:11.923Z", "choice": 4, "correct": false, "user": 2, "question": 15}}, {"model": "analytics.history", "pk": 667, "fields": {"time": "2020-04-17T12:45:11.925Z", "choice": 3, "correct": false, "user": 2, "question": 17}}, {"model": "analytics.history", "pk": 668, "fields": {"time": "2020-04-17T12:45:57.708Z", "choice": 4, "correct": false, "user": 2, "question": 14}}, {"model": "analytics.history", "pk": 669, "fields": {"time": "2020-04-17T12:45:57.711Z", "choice": 2, "correct": false, "user": 2, "question": 12}}, {"model": "analytics.history", "pk": 670, "fields": {"time": "2020-04-17T12:45:57.714Z", "choice": 1, "correct": false, "user": 2, "question": 14}}, {"model": "analytics.history", "pk": 671, "fields": {"time": "2020-04-17T12:45:57.716Z", "choice": 1, "correct": false, "user": 2, "question": 12}}, {"model": "analytics.history", "pk": 672, "fields": {"time": "2020-04-17T12:45:57.718Z", "choice": 3, "correct": false, "user": 2, "question": 10}}, {"model": "analytics.history", "pk": 673, "fields": {"time": "2020-04-17T12:45:57.721Z", "choice": 1, "correct": false, "user": 2, "question": 11}}, {"model": "analytics.history", "pk": 674, "fields": {"time": "2020-04-17T12:45:57.723Z", "choice": 1, "correct": false, "user": 2, "question": 12}}, {"model": "analytics.history", "pk": 675, "fields": {"time": "2020-04-17T12:45:57.726Z", "choice": 2, "correct": false, "user": 2, "question": 14}}, {"model": "analytics.history", "pk": 676, "fields": {"time": "2020-04-17T12:45:57.728Z", "choice": 3, "correct": false, "user": 2, "question": 11}}, {"model": "analytics.history", "pk": 677, "fields": {"time": "2020-04-17T12:45:57.731Z", "choice": 2, "correct": false, "user": 2, "question": 10}}, {"model": "analytics.history", "pk": 678, "fields": {"time": "2020-04-17T12:45:57.733Z", "choice": 2, "correct": false, "user": 2, "question": 13}}, {"model": "analytics.history", "pk": 679, "fields": {"time": "2020-04-17T12:45:57.736Z", "choice": 3, "correct": false, "user": 2, "question": 12}}, {"model": "analytics.history", "pk": 680, "fields": {"time": "2020-04-17T12:45:57.738Z", "choice": 1, "correct": false, "user": 2, "question": 10}}, {"model": "analytics.history", "pk": 681, "fields": {"time": "2020-04-17T12:45:57.741Z", "choice": 2, "correct": false, "user": 2, "question": 11}}, {"model": "analytics.history", "pk": 682, "fields": {"time": "2020-04-17T12:45:57.743Z", "choice": 1, "correct": false, "user": 2, "question": 12}}, {"model": "analytics.history", "pk": 683, "fields": {"time": "2020-04-17T12:45:57.746Z", "choice": 2, "correct": false, "user": 2, "question": 14}}, {"model": "analytics.history", "pk": 684, "fields": {"time": "2020-04-17T12:45:57.748Z", "choice": 2, "correct": false, "user": 2, "question": 13}}, {"model": "analytics.history", "pk": 685, "fields": {"time": "2020-04-17T12:45:57.751Z", "choice": 4, "correct": false, "user": 2, "question": 14}}, {"model": "analytics.history", "pk": 686, "fields": {"time": "2020-04-17T12:45:57.753Z", "choice": 4, "correct": false, "user": 2, "question": 10}}, {"model": "analytics.history", "pk": 687, "fields": {"time": "2020-04-17T12:45:57.756Z", "choice": 3, "correct": false, "user": 2, "question": 11}}, {"model": "analytics.history", "pk": 688, "fields": {"time": "2020-04-17T12:55:32.138Z", "choice": 1, "correct": false, "user": 2, "question": 12}}, {"model": "analytics.history", "pk": 689, "fields": {"time": "2020-04-17T12:55:32.142Z", "choice": 3, "correct": false, "user": 2, "question": 14}}, {"model": "analytics.history", "pk": 690, "fields": {"time": "2020-04-17T12:55:32.145Z", "choice": 4, "correct": false, "user": 2, "question": 13}}, {"model": "analytics.history", "pk": 691, "fields": {"time": "2020-04-17T12:55:32.147Z", "choice": 4, "correct": false, "user": 2, "question": 11}}, {"model": "analytics.history", "pk": 692, "fields": {"time": "2020-04-17T13:47:03.881Z", "choice": 2, "correct": false, "user": 16, "question": 8}}, {"model": "analytics.history", "pk": 693, "fields": {"time": "2020-04-17T13:47:03.885Z", "choice": 3, "correct": false, "user": 16, "question": 7}}, {"model": "analytics.history", "pk": 694, "fields": {"time": "2020-04-17T13:47:03.887Z", "choice": 3, "correct": false, "user": 16, "question": 9}}, {"model": "analytics.history", "pk": 695, "fields": {"time": "2020-04-17T13:47:03.889Z", "choice": 2, "correct": false, "user": 16, "question": 7}}, {"model": "analytics.history", "pk": 696, "fields": {"time": "2020-04-17T13:47:03.891Z", "choice": 4, "correct": false, "user": 16, "question": 9}}, {"model": "analytics.history", "pk": 697, "fields": {"time": "2020-04-17T13:47:03.893Z", "choice": 3, "correct": false, "user": 16, "question": 7}}, {"model": "analytics.history", "pk": 698, "fields": {"time": "2020-04-17T13:47:03.895Z", "choice": 3, "correct": false, "user": 16, "question": 9}}, {"model": "analytics.history", "pk": 699, "fields": {"time": "2020-04-17T13:47:03.897Z", "choice": 3, "correct": false, "user": 16, "question": 6}}, {"model": "analytics.history", "pk": 700, "fields": {"time": "2020-04-17T13:47:36.957Z", "choice": 2, "correct": false, "user": 16, "question": 16}}, {"model": "analytics.history", "pk": 701, "fields": {"time": "2020-04-17T13:47:36.959Z", "choice": 3, "correct": false, "user": 16, "question": 17}}, {"model": "analytics.history", "pk": 702, "fields": {"time": "2020-04-17T13:47:36.961Z", "choice": 4, "correct": false, "user": 16, "question": 15}}, {"model": "analytics.history", "pk": 703, "fields": {"time": "2020-04-17T13:47:36.962Z", "choice": 1, "correct": false, "user": 16, "question": 17}}, {"model": "analytics.history", "pk": 704, "fields": {"time": "2020-04-17T13:47:36.964Z", "choice": 1, "correct": false, "user": 16, "question": 15}}, {"model": "analytics.history", "pk": 705, "fields": {"time": "2020-04-17T13:47:36.965Z", "choice": 4, "correct": false, "user": 16, "question": 17}}, {"model": "analytics.history", "pk": 706, "fields": {"time": "2020-04-17T13:47:36.967Z", "choice": 1, "correct": false, "user": 16, "question": 15}}, {"model": "analytics.history", "pk": 707, "fields": {"time": "2020-04-17T13:47:36.968Z", "choice": 1, "correct": false, "user": 16, "question": 17}}, {"model": "analytics.history", "pk": 708, "fields": {"time": "2020-04-17T13:47:36.970Z", "choice": 4, "correct": false, "user": 16, "question": 18}}, {"model": "analytics.history", "pk": 709, "fields": {"time": "2020-04-17T13:49:46.553Z", "choice": 4, "correct": false, "user": 15, "question": 16}}, {"model": "analytics.history", "pk": 710, "fields": {"time": "2020-04-17T13:49:46.555Z", "choice": 4, "correct": false, "user": 15, "question": 17}}, {"model": "analytics.history", "pk": 711, "fields": {"time": "2020-04-17T13:49:46.557Z", "choice": 4, "correct": false, "user": 15, "question": 16}}, {"model": "analytics.history", "pk": 712, "fields": {"time": "2020-04-17T13:50:52.967Z", "choice": 1, "correct": false, "user": 15, "question": 14}}, {"model": "analytics.history", "pk": 713, "fields": {"time": "2020-04-17T13:50:52.969Z", "choice": 1, "correct": false, "user": 15, "question": 10}}, {"model": "analytics.history", "pk": 714, "fields": {"time": "2020-04-17T13:50:52.971Z", "choice": 4, "correct": false, "user": 15, "question": 11}}, {"model": "analytics.history", "pk": 715, "fields": {"time": "2020-04-17T13:50:52.972Z", "choice": 3, "correct": false, "user": 15, "question": 10}}, {"model": "analytics.history", "pk": 716, "fields": {"time": "2020-04-17T13:50:52.974Z", "choice": 2, "correct": false, "user": 15, "question": 12}}, {"model": "analytics.history", "pk": 717, "fields": {"time": "2020-04-17T13:50:52.975Z", "choice": 3, "correct": false, "user": 15, "question": 14}}, {"model": "analytics.history", "pk": 718, "fields": {"time": "2020-04-17T13:50:52.978Z", "choice": 3, "correct": false, "user": 15, "question": 13}}, {"model": "analytics.history", "pk": 719, "fields": {"time": "2020-04-17T13:50:52.979Z", "choice": 2, "correct": false, "user": 15, "question": 14}}, {"model": "analytics.history", "pk": 720, "fields": {"time": "2020-04-17T13:50:52.981Z", "choice": 3, "correct": false, "user": 15, "question": 12}}, {"model": "analytics.history", "pk": 721, "fields": {"time": "2020-04-17T13:50:52.983Z", "choice": 4, "correct": false, "user": 15, "question": 10}}, {"model": "analytics.history", "pk": 722, "fields": {"time": "2020-04-17T13:50:52.985Z", "choice": 2, "correct": false, "user": 15, "question": 11}}, {"model": "analytics.history", "pk": 723, "fields": {"time": "2020-04-17T13:50:52.986Z", "choice": 3, "correct": false, "user": 15, "question": 14}}, {"model": "analytics.history", "pk": 724, "fields": {"time": "2020-04-17T13:50:52.988Z", "choice": 1, "correct": false, "user": 15, "question": 12}}, {"model": "analytics.history", "pk": 725, "fields": {"time": "2020-04-17T13:50:52.990Z", "choice": 2, "correct": false, "user": 15, "question": 14}}, {"model": "analytics.history", "pk": 726, "fields": {"time": "2020-04-17T13:50:52.991Z", "choice": 2, "correct": false, "user": 15, "question": 10}}, {"model": "analytics.history", "pk": 727, "fields": {"time": "2020-04-17T13:50:52.993Z", "choice": 2, "correct": false, "user": 15, "question": 11}}, {"model": "analytics.history", "pk": 728, "fields": {"time": "2020-04-17T14:20:06.374Z", "choice": 3, "correct": false, "user": 2, "question": 11}}, {"model": "analytics.history", "pk": 729, "fields": {"time": "2020-04-17T14:20:06.377Z", "choice": 1, "correct": false, "user": 2, "question": 10}}, {"model": "analytics.history", "pk": 730, "fields": {"time": "2020-04-17T14:20:06.379Z", "choice": 2, "correct": false, "user": 2, "question": 13}}, {"model": "analytics.history", "pk": 731, "fields": {"time": "2020-04-17T14:20:06.381Z", "choice": 3, "correct": false, "user": 2, "question": 14}}, {"model": "analytics.history", "pk": 732, "fields": {"time": "2020-04-17T14:20:06.383Z", "choice": 2, "correct": false, "user": 2, "question": 13}}, {"model": "analytics.history", "pk": 733, "fields": {"time": "2020-04-17T14:20:43.442Z", "choice": 3, "correct": false, "user": 2, "question": 11}}, {"model": "analytics.history", "pk": 734, "fields": {"time": "2020-04-17T14:20:43.445Z", "choice": 2, "correct": false, "user": 2, "question": 14}}, {"model": "analytics.history", "pk": 735, "fields": {"time": "2020-04-17T14:20:43.447Z", "choice": 2, "correct": false, "user": 2, "question": 12}}, {"model": "analytics.history", "pk": 736, "fields": {"time": "2020-04-17T14:20:43.449Z", "choice": 1, "correct": false, "user": 2, "question": 14}}, {"model": "analytics.history", "pk": 737, "fields": {"time": "2020-04-17T14:20:43.451Z", "choice": 4, "correct": false, "user": 2, "question": 13}}, {"model": "analytics.history", "pk": 738, "fields": {"time": "2020-04-17T14:20:43.453Z", "choice": 3, "correct": false, "user": 2, "question": 14}}, {"model": "analytics.history", "pk": 739, "fields": {"time": "2020-04-17T14:20:43.454Z", "choice": 2, "correct": false, "user": 2, "question": 13}}, {"model": "analytics.history", "pk": 740, "fields": {"time": "2020-04-17T14:20:43.456Z", "choice": 1, "correct": false, "user": 2, "question": 11}}, {"model": "analytics.history", "pk": 741, "fields": {"time": "2020-04-17T14:20:43.458Z", "choice": 4, "correct": false, "user": 2, "question": 14}}, {"model": "analytics.history", "pk": 742, "fields": {"time": "2020-04-17T14:20:43.459Z", "choice": 3, "correct": false, "user": 2, "question": 13}}, {"model": "analytics.history", "pk": 743, "fields": {"time": "2020-04-17T14:20:43.461Z", "choice": 3, "correct": false, "user": 2, "question": 10}}, {"model": "analytics.history", "pk": 744, "fields": {"time": "2020-04-17T14:20:43.463Z", "choice": 4, "correct": false, "user": 2, "question": 13}}, {"model": "analytics.history", "pk": 745, "fields": {"time": "2020-04-17T14:20:43.465Z", "choice": 3, "correct": false, "user": 2, "question": 11}}, {"model": "analytics.history", "pk": 746, "fields": {"time": "2020-04-17T14:20:43.466Z", "choice": 3, "correct": false, "user": 2, "question": 10}}, {"model": "analytics.history", "pk": 747, "fields": {"time": "2020-04-17T14:20:43.468Z", "choice": 2, "correct": false, "user": 2, "question": 11}}, {"model": "analytics.history", "pk": 748, "fields": {"time": "2020-04-17T14:20:43.470Z", "choice": 4, "correct": false, "user": 2, "question": 12}}, {"model": "analytics.history", "pk": 749, "fields": {"time": "2020-04-17T14:20:43.472Z", "choice": 3, "correct": false, "user": 2, "question": 11}}, {"model": "analytics.history", "pk": 750, "fields": {"time": "2020-04-17T14:20:43.474Z", "choice": 2, "correct": false, "user": 2, "question": 14}}, {"model": "analytics.history", "pk": 751, "fields": {"time": "2020-04-17T14:20:43.476Z", "choice": 3, "correct": false, "user": 2, "question": 13}}, {"model": "analytics.history", "pk": 752, "fields": {"time": "2020-04-17T14:20:43.477Z", "choice": 1, "correct": false, "user": 2, "question": 11}}, {"model": "analytics.history", "pk": 753, "fields": {"time": "2020-04-17T14:20:43.479Z", "choice": 1, "correct": false, "user": 2, "question": 14}}, {"model": "analytics.history", "pk": 754, "fields": {"time": "2020-04-17T14:20:43.480Z", "choice": 1, "correct": false, "user": 2, "question": 10}}, {"model": "analytics.history", "pk": 755, "fields": {"time": "2020-04-17T14:20:43.482Z", "choice": 2, "correct": false, "user": 2, "question": 12}}, {"model": "analytics.history", "pk": 756, "fields": {"time": "2020-04-17T14:20:43.484Z", "choice": 3, "correct": false, "user": 2, "question": 11}}, {"model": "analytics.history", "pk": 757, "fields": {"time": "2020-04-17T14:20:43.485Z", "choice": 4, "correct": false, "user": 2, "question": 12}}, {"model": "analytics.history", "pk": 758, "fields": {"time": "2020-04-17T14:20:43.487Z", "choice": 4, "correct": false, "user": 2, "question": 14}}, {"model": "analytics.history", "pk": 759, "fields": {"time": "2020-04-17T14:20:43.489Z", "choice": 1, "correct": false, "user": 2, "question": 10}}, {"model": "analytics.history", "pk": 760, "fields": {"time": "2020-04-17T14:20:43.490Z", "choice": 3, "correct": false, "user": 2, "question": 11}}, {"model": "analytics.history", "pk": 761, "fields": {"time": "2020-04-17T14:20:43.492Z", "choice": 1, "correct": false, "user": 2, "question": 10}}, {"model": "analytics.history", "pk": 762, "fields": {"time": "2020-04-17T14:20:43.494Z", "choice": 1, "correct": false, "user": 2, "question": 11}}, {"model": "analytics.history", "pk": 763, "fields": {"time": "2020-04-17T14:20:43.496Z", "choice": 2, "correct": false, "user": 2, "question": 10}}, {"model": "analytics.history", "pk": 764, "fields": {"time": "2020-04-17T14:20:43.498Z", "choice": 2, "correct": false, "user": 2, "question": 12}}, {"model": "analytics.history", "pk": 765, "fields": {"time": "2020-04-17T14:20:43.499Z", "choice": 2, "correct": false, "user": 2, "question": 13}}, {"model": "analytics.history", "pk": 766, "fields": {"time": "2020-04-17T14:20:43.501Z", "choice": 4, "correct": false, "user": 2, "question": 12}}, {"model": "analytics.history", "pk": 767, "fields": {"time": "2020-04-17T14:20:43.503Z", "choice": 2, "correct": false, "user": 2, "question": 11}}, {"model": "analytics.history", "pk": 768, "fields": {"time": "2020-04-17T14:20:43.505Z", "choice": 4, "correct": false, "user": 2, "question": 14}}, {"model": "analytics.history", "pk": 769, "fields": {"time": "2020-04-17T14:20:43.506Z", "choice": 1, "correct": false, "user": 2, "question": 13}}, {"model": "analytics.history", "pk": 770, "fields": {"time": "2020-04-17T14:20:43.507Z", "choice": 4, "correct": false, "user": 2, "question": 12}}, {"model": "analytics.history", "pk": 771, "fields": {"time": "2020-04-17T14:20:43.509Z", "choice": 2, "correct": false, "user": 2, "question": 14}}, {"model": "analytics.history", "pk": 772, "fields": {"time": "2020-04-17T14:20:43.510Z", "choice": 2, "correct": false, "user": 2, "question": 13}}, {"model": "analytics.history", "pk": 773, "fields": {"time": "2020-04-17T14:20:43.512Z", "choice": 2, "correct": false, "user": 2, "question": 14}}, {"model": "analytics.history", "pk": 774, "fields": {"time": "2020-04-17T14:20:43.513Z", "choice": 1, "correct": false, "user": 2, "question": 11}}, {"model": "analytics.history", "pk": 775, "fields": {"time": "2020-04-17T14:20:43.515Z", "choice": 2, "correct": false, "user": 2, "question": 12}}, {"model": "analytics.history", "pk": 776, "fields": {"time": "2020-04-17T14:20:43.516Z", "choice": 2, "correct": false, "user": 2, "question": 10}}, {"model": "analytics.history", "pk": 777, "fields": {"time": "2020-04-17T14:20:43.518Z", "choice": 1, "correct": false, "user": 2, "question": 13}}, {"model": "analytics.history", "pk": 778, "fields": {"time": "2020-04-17T14:20:43.519Z", "choice": 4, "correct": false, "user": 2, "question": 10}}, {"model": "analytics.history", "pk": 779, "fields": {"time": "2020-04-17T14:20:43.521Z", "choice": 3, "correct": false, "user": 2, "question": 13}}, {"model": "analytics.history", "pk": 780, "fields": {"time": "2020-04-17T14:20:43.523Z", "choice": 2, "correct": false, "user": 2, "question": 11}}, {"model": "analytics.history", "pk": 781, "fields": {"time": "2020-04-17T14:20:43.524Z", "choice": 3, "correct": false, "user": 2, "question": 10}}, {"model": "analytics.history", "pk": 782, "fields": {"time": "2020-04-17T14:20:43.526Z", "choice": 4, "correct": false, "user": 2, "question": 13}}, {"model": "analytics.history", "pk": 783, "fields": {"time": "2020-04-17T14:20:43.527Z", "choice": 2, "correct": false, "user": 2, "question": 12}}, {"model": "analytics.history", "pk": 784, "fields": {"time": "2020-04-17T14:20:43.529Z", "choice": 2, "correct": false, "user": 2, "question": 14}}, {"model": "analytics.history", "pk": 785, "fields": {"time": "2020-04-17T14:20:43.531Z", "choice": 3, "correct": false, "user": 2, "question": 13}}, {"model": "analytics.history", "pk": 786, "fields": {"time": "2020-04-17T14:20:43.532Z", "choice": 2, "correct": false, "user": 2, "question": 14}}, {"model": "analytics.history", "pk": 787, "fields": {"time": "2020-04-17T14:20:43.533Z", "choice": 4, "correct": false, "user": 2, "question": 10}}, {"model": "analytics.history", "pk": 788, "fields": {"time": "2020-04-17T14:20:43.535Z", "choice": 1, "correct": false, "user": 2, "question": 12}}, {"model": "analytics.history", "pk": 789, "fields": {"time": "2020-04-17T14:20:43.536Z", "choice": 4, "correct": false, "user": 2, "question": 14}}, {"model": "analytics.history", "pk": 790, "fields": {"time": "2020-04-17T14:20:43.538Z", "choice": 1, "correct": false, "user": 2, "question": 13}}, {"model": "analytics.history", "pk": 791, "fields": {"time": "2020-04-17T14:20:43.539Z", "choice": 3, "correct": false, "user": 2, "question": 10}}, {"model": "analytics.history", "pk": 792, "fields": {"time": "2020-04-17T14:20:43.541Z", "choice": 3, "correct": false, "user": 2, "question": 11}}, {"model": "analytics.history", "pk": 793, "fields": {"time": "2020-04-17T14:20:43.542Z", "choice": 2, "correct": false, "user": 2, "question": 14}}, {"model": "analytics.history", "pk": 794, "fields": {"time": "2020-04-17T14:20:43.543Z", "choice": 3, "correct": false, "user": 2, "question": 11}}, {"model": "analytics.history", "pk": 795, "fields": {"time": "2020-04-17T14:20:43.545Z", "choice": 3, "correct": false, "user": 2, "question": 14}}, {"model": "analytics.history", "pk": 796, "fields": {"time": "2020-04-17T14:20:43.546Z", "choice": 4, "correct": false, "user": 2, "question": 13}}, {"model": "analytics.history", "pk": 797, "fields": {"time": "2020-04-17T14:20:43.548Z", "choice": 1, "correct": false, "user": 2, "question": 10}}, {"model": "analytics.history", "pk": 798, "fields": {"time": "2020-04-17T14:20:43.549Z", "choice": 2, "correct": false, "user": 2, "question": 14}}, {"model": "analytics.history", "pk": 799, "fields": {"time": "2020-04-17T14:20:43.551Z", "choice": 3, "correct": false, "user": 2, "question": 13}}, {"model": "analytics.history", "pk": 800, "fields": {"time": "2020-04-17T14:20:43.552Z", "choice": 3, "correct": false, "user": 2, "question": 14}}, {"model": "analytics.history", "pk": 801, "fields": {"time": "2020-04-17T14:20:43.554Z", "choice": 3, "correct": false, "user": 2, "question": 12}}, {"model": "analytics.history", "pk": 802, "fields": {"time": "2020-04-17T14:20:43.555Z", "choice": 3, "correct": false, "user": 2, "question": 14}}, {"model": "analytics.history", "pk": 803, "fields": {"time": "2020-04-17T14:20:43.557Z", "choice": 4, "correct": false, "user": 2, "question": 13}}, {"model": "analytics.history", "pk": 804, "fields": {"time": "2020-04-17T14:20:43.558Z", "choice": 1, "correct": false, "user": 2, "question": 11}}, {"model": "analytics.history", "pk": 805, "fields": {"time": "2020-04-17T14:20:43.560Z", "choice": 3, "correct": false, "user": 2, "question": 10}}, {"model": "analytics.history", "pk": 806, "fields": {"time": "2020-04-17T14:20:43.561Z", "choice": 4, "correct": false, "user": 2, "question": 14}}, {"model": "analytics.history", "pk": 807, "fields": {"time": "2020-04-17T14:20:43.563Z", "choice": 1, "correct": false, "user": 2, "question": 12}}, {"model": "analytics.history", "pk": 808, "fields": {"time": "2020-04-17T14:20:43.564Z", "choice": 2, "correct": false, "user": 2, "question": 11}}, {"model": "analytics.history", "pk": 809, "fields": {"time": "2020-04-17T14:20:43.566Z", "choice": 4, "correct": false, "user": 2, "question": 13}}, {"model": "analytics.history", "pk": 810, "fields": {"time": "2020-04-17T14:20:43.567Z", "choice": 4, "correct": false, "user": 2, "question": 12}}, {"model": "analytics.history", "pk": 811, "fields": {"time": "2020-04-17T14:20:43.569Z", "choice": 1, "correct": false, "user": 2, "question": 14}}, {"model": "analytics.history", "pk": 812, "fields": {"time": "2020-04-17T14:20:43.571Z", "choice": 1, "correct": false, "user": 2, "question": 10}}, {"model": "analytics.history", "pk": 813, "fields": {"time": "2020-04-17T14:20:43.572Z", "choice": 2, "correct": false, "user": 2, "question": 14}}, {"model": "analytics.history", "pk": 814, "fields": {"time": "2020-04-17T14:20:43.574Z", "choice": 1, "correct": false, "user": 2, "question": 13}}, {"model": "analytics.history", "pk": 815, "fields": {"time": "2020-04-17T14:20:43.575Z", "choice": 2, "correct": false, "user": 2, "question": 12}}, {"model": "analytics.history", "pk": 816, "fields": {"time": "2020-04-17T14:20:43.577Z", "choice": 1, "correct": false, "user": 2, "question": 14}}, {"model": "analytics.history", "pk": 817, "fields": {"time": "2020-04-17T14:20:43.579Z", "choice": 1, "correct": false, "user": 2, "question": 12}}, {"model": "analytics.history", "pk": 818, "fields": {"time": "2020-04-17T14:20:43.580Z", "choice": 1, "correct": false, "user": 2, "question": 14}}, {"model": "analytics.history", "pk": 819, "fields": {"time": "2020-04-17T14:20:43.582Z", "choice": 2, "correct": false, "user": 2, "question": 10}}, {"model": "analytics.history", "pk": 820, "fields": {"time": "2020-04-17T14:20:43.583Z", "choice": 4, "correct": false, "user": 2, "question": 13}}, {"model": "analytics.history", "pk": 821, "fields": {"time": "2020-04-17T14:20:43.585Z", "choice": 2, "correct": false, "user": 2, "question": 11}}, {"model": "analytics.history", "pk": 822, "fields": {"time": "2020-04-17T15:33:36.902Z", "choice": 1, "correct": false, "user": 2, "question": 8}}, {"model": "analytics.history", "pk": 823, "fields": {"time": "2020-04-17T15:33:36.906Z", "choice": 1, "correct": false, "user": 2, "question": 6}}, {"model": "analytics.history", "pk": 824, "fields": {"time": "2020-04-17T15:33:36.909Z", "choice": 4, "correct": false, "user": 2, "question": 5}}, {"model": "analytics.history", "pk": 825, "fields": {"time": "2020-04-17T15:33:36.912Z", "choice": 4, "correct": false, "user": 2, "question": 9}}, {"model": "analytics.history", "pk": 826, "fields": {"time": "2020-04-17T15:33:36.914Z", "choice": 3, "correct": false, "user": 2, "question": 5}}, {"model": "analytics.history", "pk": 827, "fields": {"time": "2020-04-17T15:33:36.917Z", "choice": 3, "correct": false, "user": 2, "question": 7}}, {"model": "analytics.history", "pk": 828, "fields": {"time": "2020-04-17T15:33:36.920Z", "choice": 2, "correct": false, "user": 2, "question": 8}}, {"model": "analytics.history", "pk": 829, "fields": {"time": "2020-04-17T15:33:36.923Z", "choice": 2, "correct": false, "user": 2, "question": 9}}, {"model": "analytics.history", "pk": 830, "fields": {"time": "2020-04-17T15:33:36.926Z", "choice": 4, "correct": false, "user": 2, "question": 7}}, {"model": "analytics.history", "pk": 831, "fields": {"time": "2020-04-17T15:33:36.928Z", "choice": 4, "correct": false, "user": 2, "question": 8}}, {"model": "analytics.history", "pk": 832, "fields": {"time": "2020-04-17T15:33:36.931Z", "choice": 3, "correct": false, "user": 2, "question": 7}}, {"model": "analytics.history", "pk": 833, "fields": {"time": "2020-04-17T15:33:36.934Z", "choice": 4, "correct": false, "user": 2, "question": 6}}, {"model": "analytics.history", "pk": 834, "fields": {"time": "2020-04-17T15:33:36.936Z", "choice": 4, "correct": false, "user": 2, "question": 7}}, {"model": "analytics.history", "pk": 835, "fields": {"time": "2020-04-17T15:33:36.939Z", "choice": 3, "correct": false, "user": 2, "question": 6}}, {"model": "analytics.history", "pk": 836, "fields": {"time": "2020-04-17T15:33:36.942Z", "choice": 2, "correct": false, "user": 2, "question": 7}}, {"model": "analytics.history", "pk": 837, "fields": {"time": "2020-04-17T15:33:36.944Z", "choice": 2, "correct": false, "user": 2, "question": 8}}, {"model": "analytics.history", "pk": 838, "fields": {"time": "2020-04-17T15:33:36.947Z", "choice": 2, "correct": false, "user": 2, "question": 5}}, {"model": "analytics.history", "pk": 839, "fields": {"time": "2020-04-17T15:33:36.949Z", "choice": 2, "correct": false, "user": 2, "question": 6}}, {"model": "analytics.history", "pk": 840, "fields": {"time": "2020-04-17T15:33:36.952Z", "choice": 3, "correct": false, "user": 2, "question": 8}}, {"model": "analytics.history", "pk": 841, "fields": {"time": "2020-04-17T15:33:36.954Z", "choice": 3, "correct": false, "user": 2, "question": 5}}, {"model": "analytics.history", "pk": 842, "fields": {"time": "2020-04-17T15:33:36.957Z", "choice": 3, "correct": false, "user": 2, "question": 8}}, {"model": "analytics.history", "pk": 843, "fields": {"time": "2020-04-17T15:33:36.960Z", "choice": 1, "correct": false, "user": 2, "question": 5}}, {"model": "analytics.history", "pk": 844, "fields": {"time": "2020-04-17T15:33:36.962Z", "choice": 4, "correct": false, "user": 2, "question": 7}}, {"model": "analytics.history", "pk": 845, "fields": {"time": "2020-04-17T15:33:36.965Z", "choice": 2, "correct": false, "user": 2, "question": 6}}, {"model": "analytics.history", "pk": 846, "fields": {"time": "2020-04-17T15:33:36.968Z", "choice": 4, "correct": false, "user": 2, "question": 9}}, {"model": "analytics.history", "pk": 847, "fields": {"time": "2020-04-17T15:33:36.970Z", "choice": 4, "correct": false, "user": 2, "question": 5}}, {"model": "analytics.history", "pk": 848, "fields": {"time": "2020-04-17T15:33:36.973Z", "choice": 1, "correct": false, "user": 2, "question": 6}}, {"model": "analytics.history", "pk": 849, "fields": {"time": "2020-04-17T15:33:36.975Z", "choice": 1, "correct": false, "user": 2, "question": 7}}, {"model": "analytics.history", "pk": 850, "fields": {"time": "2020-04-17T15:33:36.978Z", "choice": 4, "correct": false, "user": 2, "question": 8}}, {"model": "analytics.history", "pk": 851, "fields": {"time": "2020-04-17T15:33:36.980Z", "choice": 3, "correct": false, "user": 2, "question": 7}}, {"model": "analytics.history", "pk": 852, "fields": {"time": "2020-04-17T15:33:36.983Z", "choice": 3, "correct": false, "user": 2, "question": 8}}, {"model": "analytics.history", "pk": 853, "fields": {"time": "2020-04-17T15:33:36.985Z", "choice": 2, "correct": false, "user": 2, "question": 5}}, {"model": "analytics.history", "pk": 854, "fields": {"time": "2020-04-17T15:33:36.988Z", "choice": 1, "correct": false, "user": 2, "question": 7}}, {"model": "analytics.history", "pk": 855, "fields": {"time": "2020-04-17T15:33:36.990Z", "choice": 4, "correct": false, "user": 2, "question": 5}}, {"model": "analytics.history", "pk": 856, "fields": {"time": "2020-04-17T15:33:36.992Z", "choice": 1, "correct": false, "user": 2, "question": 9}}, {"model": "analytics.history", "pk": 857, "fields": {"time": "2020-04-17T15:33:36.994Z", "choice": 4, "correct": false, "user": 2, "question": 5}}, {"model": "analytics.history", "pk": 858, "fields": {"time": "2020-04-17T15:33:36.997Z", "choice": 3, "correct": false, "user": 2, "question": 9}}, {"model": "analytics.history", "pk": 859, "fields": {"time": "2020-04-17T15:33:36.999Z", "choice": 2, "correct": false, "user": 2, "question": 7}}, {"model": "analytics.history", "pk": 860, "fields": {"time": "2020-04-17T15:33:37.001Z", "choice": 2, "correct": false, "user": 2, "question": 5}}, {"model": "analytics.history", "pk": 861, "fields": {"time": "2020-04-17T15:33:37.003Z", "choice": 1, "correct": false, "user": 2, "question": 7}}, {"model": "analytics.history", "pk": 862, "fields": {"time": "2020-04-17T15:33:37.006Z", "choice": 3, "correct": false, "user": 2, "question": 6}}, {"model": "analytics.history", "pk": 863, "fields": {"time": "2020-04-17T15:33:37.008Z", "choice": 4, "correct": false, "user": 2, "question": 7}}, {"model": "analytics.history", "pk": 864, "fields": {"time": "2020-04-17T15:33:37.010Z", "choice": 4, "correct": false, "user": 2, "question": 8}}, {"model": "analytics.history", "pk": 865, "fields": {"time": "2020-04-17T15:33:37.012Z", "choice": 3, "correct": false, "user": 2, "question": 5}}, {"model": "analytics.history", "pk": 866, "fields": {"time": "2020-04-17T15:33:37.015Z", "choice": 2, "correct": false, "user": 2, "question": 7}}, {"model": "analytics.history", "pk": 867, "fields": {"time": "2020-04-17T15:33:37.017Z", "choice": 3, "correct": false, "user": 2, "question": 9}}, {"model": "analytics.history", "pk": 868, "fields": {"time": "2020-04-17T15:33:37.019Z", "choice": 1, "correct": false, "user": 2, "question": 8}}, {"model": "analytics.history", "pk": 869, "fields": {"time": "2020-04-17T15:33:37.021Z", "choice": 1, "correct": false, "user": 2, "question": 9}}, {"model": "analytics.history", "pk": 870, "fields": {"time": "2020-04-17T15:33:37.024Z", "choice": 2, "correct": false, "user": 2, "question": 6}}, {"model": "analytics.history", "pk": 871, "fields": {"time": "2020-04-17T15:33:37.026Z", "choice": 4, "correct": false, "user": 2, "question": 7}}, {"model": "analytics.history", "pk": 872, "fields": {"time": "2020-04-17T15:33:37.028Z", "choice": 2, "correct": false, "user": 2, "question": 6}}, {"model": "analytics.history", "pk": 873, "fields": {"time": "2020-04-17T15:33:37.031Z", "choice": 4, "correct": false, "user": 2, "question": 8}}, {"model": "analytics.history", "pk": 874, "fields": {"time": "2020-04-17T15:33:37.033Z", "choice": 2, "correct": false, "user": 2, "question": 7}}, {"model": "analytics.history", "pk": 875, "fields": {"time": "2020-04-17T15:33:37.035Z", "choice": 3, "correct": false, "user": 2, "question": 8}}, {"model": "analytics.history", "pk": 876, "fields": {"time": "2020-04-17T15:33:37.038Z", "choice": 1, "correct": false, "user": 2, "question": 6}}, {"model": "analytics.history", "pk": 877, "fields": {"time": "2020-04-17T15:33:37.040Z", "choice": 1, "correct": false, "user": 2, "question": 8}}, {"model": "analytics.history", "pk": 878, "fields": {"time": "2020-04-17T15:33:37.042Z", "choice": 2, "correct": false, "user": 2, "question": 5}}, {"model": "analytics.history", "pk": 879, "fields": {"time": "2020-04-17T15:33:37.045Z", "choice": 4, "correct": false, "user": 2, "question": 9}}, {"model": "analytics.history", "pk": 880, "fields": {"time": "2020-04-17T15:33:37.047Z", "choice": 1, "correct": false, "user": 2, "question": 7}}, {"model": "analytics.history", "pk": 881, "fields": {"time": "2020-04-17T15:33:37.050Z", "choice": 1, "correct": false, "user": 2, "question": 5}}, {"model": "analytics.history", "pk": 882, "fields": {"time": "2020-04-17T15:33:37.052Z", "choice": 1, "correct": false, "user": 2, "question": 7}}, {"model": "analytics.history", "pk": 883, "fields": {"time": "2020-04-17T15:33:37.055Z", "choice": 3, "correct": false, "user": 2, "question": 9}}, {"model": "analytics.history", "pk": 884, "fields": {"time": "2020-04-17T15:33:37.057Z", "choice": 2, "correct": false, "user": 2, "question": 8}}, {"model": "analytics.history", "pk": 885, "fields": {"time": "2020-04-17T15:33:37.059Z", "choice": 4, "correct": false, "user": 2, "question": 6}}, {"model": "analytics.history", "pk": 886, "fields": {"time": "2020-04-17T15:33:37.061Z", "choice": 1, "correct": false, "user": 2, "question": 5}}, {"model": "analytics.history", "pk": 887, "fields": {"time": "2020-04-17T15:33:37.064Z", "choice": 2, "correct": false, "user": 2, "question": 9}}, {"model": "analytics.history", "pk": 888, "fields": {"time": "2020-04-17T15:33:37.066Z", "choice": 1, "correct": false, "user": 2, "question": 8}}, {"model": "analytics.history", "pk": 889, "fields": {"time": "2020-04-17T15:33:37.069Z", "choice": 1, "correct": false, "user": 2, "question": 6}}, {"model": "analytics.history", "pk": 890, "fields": {"time": "2020-04-17T15:33:37.071Z", "choice": 3, "correct": false, "user": 2, "question": 9}}, {"model": "analytics.history", "pk": 891, "fields": {"time": "2020-04-17T15:33:37.073Z", "choice": 1, "correct": false, "user": 2, "question": 8}}, {"model": "analytics.history", "pk": 892, "fields": {"time": "2020-04-17T15:33:37.075Z", "choice": 4, "correct": false, "user": 2, "question": 9}}, {"model": "analytics.history", "pk": 893, "fields": {"time": "2020-04-17T15:33:37.078Z", "choice": 1, "correct": false, "user": 2, "question": 7}}, {"model": "analytics.history", "pk": 894, "fields": {"time": "2020-04-17T15:33:37.080Z", "choice": 4, "correct": false, "user": 2, "question": 8}}, {"model": "analytics.history", "pk": 895, "fields": {"time": "2020-04-17T15:33:37.082Z", "choice": 2, "correct": false, "user": 2, "question": 5}}, {"model": "analytics.history", "pk": 896, "fields": {"time": "2020-04-17T15:33:37.084Z", "choice": 3, "correct": false, "user": 2, "question": 7}}, {"model": "analytics.history", "pk": 897, "fields": {"time": "2020-04-17T15:33:37.087Z", "choice": 1, "correct": false, "user": 2, "question": 5}}, {"model": "analytics.history", "pk": 898, "fields": {"time": "2020-04-17T15:33:37.089Z", "choice": 1, "correct": false, "user": 2, "question": 8}}, {"model": "analytics.history", "pk": 899, "fields": {"time": "2020-04-17T15:33:37.091Z", "choice": 4, "correct": false, "user": 2, "question": 5}}, {"model": "analytics.history", "pk": 900, "fields": {"time": "2020-04-17T15:33:37.093Z", "choice": 1, "correct": false, "user": 2, "question": 6}}, {"model": "analytics.history", "pk": 901, "fields": {"time": "2020-04-17T15:33:37.097Z", "choice": 2, "correct": false, "user": 2, "question": 7}}, {"model": "analytics.history", "pk": 902, "fields": {"time": "2020-04-17T15:33:37.100Z", "choice": 4, "correct": false, "user": 2, "question": 9}}, {"model": "analytics.history", "pk": 903, "fields": {"time": "2020-04-17T15:36:33.297Z", "choice": 2, "correct": false, "user": 2, "question": 7}}, {"model": "analytics.history", "pk": 904, "fields": {"time": "2020-04-17T15:36:33.301Z", "choice": 3, "correct": false, "user": 2, "question": 5}}, {"model": "analytics.history", "pk": 905, "fields": {"time": "2020-04-17T15:36:33.304Z", "choice": 2, "correct": false, "user": 2, "question": 7}}, {"model": "analytics.history", "pk": 906, "fields": {"time": "2020-04-17T15:36:33.306Z", "choice": 3, "correct": false, "user": 2, "question": 6}}, {"model": "analytics.history", "pk": 907, "fields": {"time": "2020-04-17T15:36:33.309Z", "choice": 1, "correct": false, "user": 2, "question": 9}}, {"model": "analytics.history", "pk": 908, "fields": {"time": "2020-04-17T15:36:33.311Z", "choice": 1, "correct": false, "user": 2, "question": 5}}, {"model": "analytics.history", "pk": 909, "fields": {"time": "2020-04-17T15:36:33.314Z", "choice": 2, "correct": false, "user": 2, "question": 8}}, {"model": "analytics.history", "pk": 910, "fields": {"time": "2020-04-17T15:36:33.316Z", "choice": 1, "correct": false, "user": 2, "question": 6}}, {"model": "analytics.history", "pk": 911, "fields": {"time": "2020-04-17T15:36:33.318Z", "choice": 1, "correct": false, "user": 2, "question": 8}}, {"model": "analytics.history", "pk": 912, "fields": {"time": "2020-04-17T15:36:33.321Z", "choice": 2, "correct": false, "user": 2, "question": 7}}, {"model": "analytics.history", "pk": 913, "fields": {"time": "2020-04-17T15:36:33.324Z", "choice": 2, "correct": false, "user": 2, "question": 9}}, {"model": "analytics.history", "pk": 914, "fields": {"time": "2020-04-17T15:36:33.326Z", "choice": 4, "correct": false, "user": 2, "question": 8}}, {"model": "analytics.history", "pk": 915, "fields": {"time": "2020-04-17T15:36:33.328Z", "choice": 4, "correct": false, "user": 2, "question": 5}}, {"model": "analytics.history", "pk": 916, "fields": {"time": "2020-04-17T15:36:33.331Z", "choice": 1, "correct": false, "user": 2, "question": 8}}, {"model": "analytics.history", "pk": 917, "fields": {"time": "2020-04-17T15:36:33.333Z", "choice": 3, "correct": false, "user": 2, "question": 9}}, {"model": "analytics.history", "pk": 918, "fields": {"time": "2020-04-17T15:36:33.336Z", "choice": 3, "correct": false, "user": 2, "question": 6}}, {"model": "analytics.history", "pk": 919, "fields": {"time": "2020-04-17T15:36:33.338Z", "choice": 1, "correct": false, "user": 2, "question": 7}}, {"model": "analytics.history", "pk": 920, "fields": {"time": "2020-04-17T15:36:33.341Z", "choice": 1, "correct": false, "user": 2, "question": 8}}, {"model": "analytics.history", "pk": 921, "fields": {"time": "2020-04-17T15:36:33.343Z", "choice": 4, "correct": false, "user": 2, "question": 7}}, {"model": "analytics.history", "pk": 922, "fields": {"time": "2020-04-17T15:36:33.345Z", "choice": 3, "correct": false, "user": 2, "question": 8}}, {"model": "analytics.history", "pk": 923, "fields": {"time": "2020-04-17T15:36:33.348Z", "choice": 2, "correct": false, "user": 2, "question": 6}}, {"model": "analytics.history", "pk": 924, "fields": {"time": "2020-04-17T15:36:33.350Z", "choice": 1, "correct": false, "user": 2, "question": 5}}, {"model": "analytics.history", "pk": 925, "fields": {"time": "2020-04-17T15:36:33.352Z", "choice": 1, "correct": false, "user": 2, "question": 8}}, {"model": "analytics.history", "pk": 926, "fields": {"time": "2020-04-17T15:36:33.354Z", "choice": 2, "correct": false, "user": 2, "question": 6}}, {"model": "analytics.history", "pk": 927, "fields": {"time": "2020-04-17T15:36:33.356Z", "choice": 1, "correct": false, "user": 2, "question": 5}}, {"model": "analytics.history", "pk": 928, "fields": {"time": "2020-04-17T15:36:33.359Z", "choice": 3, "correct": false, "user": 2, "question": 9}}, {"model": "analytics.history", "pk": 929, "fields": {"time": "2020-04-17T15:36:33.361Z", "choice": 2, "correct": false, "user": 2, "question": 7}}, {"model": "analytics.history", "pk": 930, "fields": {"time": "2020-04-17T15:36:33.363Z", "choice": 4, "correct": false, "user": 2, "question": 5}}, {"model": "analytics.history", "pk": 931, "fields": {"time": "2020-04-17T15:36:33.365Z", "choice": 2, "correct": false, "user": 2, "question": 8}}, {"model": "analytics.history", "pk": 932, "fields": {"time": "2020-04-17T15:36:33.368Z", "choice": 3, "correct": false, "user": 2, "question": 9}}, {"model": "analytics.history", "pk": 933, "fields": {"time": "2020-04-17T15:36:33.370Z", "choice": 2, "correct": false, "user": 2, "question": 5}}, {"model": "analytics.history", "pk": 934, "fields": {"time": "2020-04-17T15:36:33.372Z", "choice": 2, "correct": false, "user": 2, "question": 6}}, {"model": "analytics.history", "pk": 935, "fields": {"time": "2020-04-17T15:36:33.375Z", "choice": 3, "correct": false, "user": 2, "question": 5}}, {"model": "analytics.history", "pk": 936, "fields": {"time": "2020-04-17T15:36:33.377Z", "choice": 4, "correct": false, "user": 2, "question": 9}}, {"model": "analytics.history", "pk": 937, "fields": {"time": "2020-04-17T15:36:33.380Z", "choice": 4, "correct": false, "user": 2, "question": 8}}, {"model": "analytics.history", "pk": 938, "fields": {"time": "2020-04-17T15:36:33.382Z", "choice": 2, "correct": false, "user": 2, "question": 7}}, {"model": "analytics.history", "pk": 939, "fields": {"time": "2020-04-17T15:36:33.386Z", "choice": 4, "correct": false, "user": 2, "question": 8}}, {"model": "analytics.history", "pk": 940, "fields": {"time": "2020-04-17T15:36:33.388Z", "choice": 4, "correct": false, "user": 2, "question": 5}}, {"model": "analytics.history", "pk": 941, "fields": {"time": "2020-04-17T15:36:33.390Z", "choice": 2, "correct": false, "user": 2, "question": 8}}, {"model": "analytics.history", "pk": 942, "fields": {"time": "2020-04-17T15:36:33.393Z", "choice": 3, "correct": false, "user": 2, "question": 6}}, {"model": "analytics.history", "pk": 943, "fields": {"time": "2020-04-17T15:36:33.395Z", "choice": 1, "correct": false, "user": 2, "question": 8}}, {"model": "analytics.history", "pk": 944, "fields": {"time": "2020-04-17T15:36:33.397Z", "choice": 3, "correct": false, "user": 2, "question": 6}}, {"model": "analytics.history", "pk": 945, "fields": {"time": "2020-04-17T15:36:33.399Z", "choice": 3, "correct": false, "user": 2, "question": 5}}, {"model": "analytics.history", "pk": 946, "fields": {"time": "2020-04-17T15:36:33.401Z", "choice": 4, "correct": false, "user": 2, "question": 7}}, {"model": "analytics.history", "pk": 947, "fields": {"time": "2020-04-17T15:36:33.404Z", "choice": 1, "correct": false, "user": 2, "question": 5}}, {"model": "analytics.history", "pk": 948, "fields": {"time": "2020-04-17T15:36:33.406Z", "choice": 2, "correct": false, "user": 2, "question": 6}}, {"model": "analytics.history", "pk": 949, "fields": {"time": "2020-04-17T15:36:33.408Z", "choice": 2, "correct": false, "user": 2, "question": 7}}, {"model": "analytics.history", "pk": 950, "fields": {"time": "2020-04-17T15:36:33.411Z", "choice": 3, "correct": false, "user": 2, "question": 5}}, {"model": "analytics.history", "pk": 951, "fields": {"time": "2020-04-17T15:36:33.413Z", "choice": 4, "correct": false, "user": 2, "question": 9}}, {"model": "analytics.history", "pk": 952, "fields": {"time": "2020-04-17T15:36:33.415Z", "choice": 4, "correct": false, "user": 2, "question": 7}}, {"model": "analytics.history", "pk": 953, "fields": {"time": "2020-04-17T15:36:33.417Z", "choice": 3, "correct": false, "user": 2, "question": 5}}, {"model": "analytics.history", "pk": 954, "fields": {"time": "2020-04-17T15:36:33.420Z", "choice": 1, "correct": false, "user": 2, "question": 8}}, {"model": "analytics.history", "pk": 955, "fields": {"time": "2020-04-17T15:36:33.422Z", "choice": 3, "correct": false, "user": 2, "question": 7}}, {"model": "analytics.history", "pk": 956, "fields": {"time": "2020-04-17T15:36:33.424Z", "choice": 2, "correct": false, "user": 2, "question": 6}}, {"model": "analytics.history", "pk": 957, "fields": {"time": "2020-04-17T15:36:33.426Z", "choice": 3, "correct": false, "user": 2, "question": 7}}, {"model": "analytics.history", "pk": 958, "fields": {"time": "2020-04-17T15:36:33.429Z", "choice": 2, "correct": false, "user": 2, "question": 8}}, {"model": "analytics.history", "pk": 959, "fields": {"time": "2020-04-17T15:36:33.431Z", "choice": 2, "correct": false, "user": 2, "question": 5}}, {"model": "analytics.history", "pk": 960, "fields": {"time": "2020-04-17T15:36:33.433Z", "choice": 4, "correct": false, "user": 2, "question": 8}}, {"model": "analytics.history", "pk": 961, "fields": {"time": "2020-04-17T15:36:33.435Z", "choice": 4, "correct": false, "user": 2, "question": 7}}, {"model": "analytics.history", "pk": 962, "fields": {"time": "2020-04-17T15:36:33.437Z", "choice": 1, "correct": false, "user": 2, "question": 9}}, {"model": "analytics.history", "pk": 963, "fields": {"time": "2020-04-17T15:36:33.440Z", "choice": 3, "correct": false, "user": 2, "question": 8}}, {"model": "analytics.history", "pk": 964, "fields": {"time": "2020-04-17T15:36:33.442Z", "choice": 1, "correct": false, "user": 2, "question": 5}}, {"model": "analytics.history", "pk": 965, "fields": {"time": "2020-04-17T15:36:33.444Z", "choice": 2, "correct": false, "user": 2, "question": 9}}, {"model": "analytics.history", "pk": 966, "fields": {"time": "2020-04-17T15:36:33.446Z", "choice": 3, "correct": false, "user": 2, "question": 7}}, {"model": "analytics.history", "pk": 967, "fields": {"time": "2020-04-17T15:36:33.448Z", "choice": 4, "correct": false, "user": 2, "question": 8}}, {"model": "analytics.history", "pk": 968, "fields": {"time": "2020-04-17T15:36:33.452Z", "choice": 4, "correct": false, "user": 2, "question": 6}}, {"model": "analytics.history", "pk": 969, "fields": {"time": "2020-04-17T15:36:33.454Z", "choice": 2, "correct": false, "user": 2, "question": 7}}, {"model": "analytics.history", "pk": 970, "fields": {"time": "2020-04-17T15:36:33.456Z", "choice": 1, "correct": false, "user": 2, "question": 8}}, {"model": "analytics.history", "pk": 971, "fields": {"time": "2020-04-17T15:36:33.459Z", "choice": 4, "correct": false, "user": 2, "question": 6}}, {"model": "analytics.history", "pk": 972, "fields": {"time": "2020-04-17T15:36:33.461Z", "choice": 4, "correct": false, "user": 2, "question": 9}}, {"model": "analytics.history", "pk": 973, "fields": {"time": "2020-04-17T15:36:33.463Z", "choice": 3, "correct": false, "user": 2, "question": 7}}, {"model": "analytics.history", "pk": 974, "fields": {"time": "2020-04-17T15:36:33.466Z", "choice": 2, "correct": false, "user": 2, "question": 5}}, {"model": "analytics.history", "pk": 975, "fields": {"time": "2020-04-17T15:36:33.468Z", "choice": 2, "correct": false, "user": 2, "question": 6}}, {"model": "analytics.history", "pk": 976, "fields": {"time": "2020-04-17T15:36:33.470Z", "choice": 1, "correct": false, "user": 2, "question": 7}}, {"model": "analytics.history", "pk": 977, "fields": {"time": "2020-04-17T15:36:33.473Z", "choice": 2, "correct": false, "user": 2, "question": 6}}, {"model": "analytics.history", "pk": 978, "fields": {"time": "2020-04-17T15:36:33.475Z", "choice": 4, "correct": false, "user": 2, "question": 8}}, {"model": "analytics.history", "pk": 979, "fields": {"time": "2020-04-17T15:36:33.477Z", "choice": 1, "correct": false, "user": 2, "question": 9}}, {"model": "analytics.history", "pk": 980, "fields": {"time": "2020-04-17T15:36:33.480Z", "choice": 4, "correct": false, "user": 2, "question": 8}}, {"model": "analytics.history", "pk": 981, "fields": {"time": "2020-04-17T15:36:33.482Z", "choice": 1, "correct": false, "user": 2, "question": 7}}, {"model": "analytics.history", "pk": 982, "fields": {"time": "2020-04-17T15:36:33.485Z", "choice": 1, "correct": false, "user": 2, "question": 6}}, {"model": "analytics.history", "pk": 983, "fields": {"time": "2020-04-17T15:36:33.487Z", "choice": 3, "correct": false, "user": 2, "question": 7}}, {"model": "analytics.history", "pk": 984, "fields": {"time": "2020-04-17T15:36:33.490Z", "choice": 4, "correct": false, "user": 2, "question": 8}}, {"model": "analytics.history", "pk": 985, "fields": {"time": "2020-04-17T15:36:33.492Z", "choice": 4, "correct": false, "user": 2, "question": 9}}, {"model": "analytics.history", "pk": 986, "fields": {"time": "2020-04-17T16:44:43.590Z", "choice": 3, "correct": false, "user": 2, "question": 17}}, {"model": "analytics.history", "pk": 987, "fields": {"time": "2020-04-17T16:44:43.594Z", "choice": 4, "correct": false, "user": 2, "question": 18}}, {"model": "analytics.history", "pk": 988, "fields": {"time": "2020-04-17T16:44:43.597Z", "choice": 4, "correct": false, "user": 2, "question": 17}}, {"model": "analytics.history", "pk": 989, "fields": {"time": "2020-04-17T16:44:43.599Z", "choice": 2, "correct": false, "user": 2, "question": 19}}, {"model": "analytics.history", "pk": 990, "fields": {"time": "2020-04-17T16:44:43.602Z", "choice": 3, "correct": false, "user": 2, "question": 18}}, {"model": "analytics.history", "pk": 991, "fields": {"time": "2020-04-17T16:44:49.760Z", "choice": 1, "correct": false, "user": 2, "question": 17}}, {"model": "analytics.history", "pk": 992, "fields": {"time": "2020-04-17T16:44:49.764Z", "choice": 2, "correct": false, "user": 2, "question": 18}}, {"model": "analytics.history", "pk": 993, "fields": {"time": "2020-04-17T16:44:49.767Z", "choice": 4, "correct": false, "user": 2, "question": 16}}, {"model": "analytics.history", "pk": 994, "fields": {"time": "2020-04-17T16:44:49.769Z", "choice": 1, "correct": false, "user": 2, "question": 17}}, {"model": "analytics.history", "pk": 995, "fields": {"time": "2020-04-17T16:44:57.252Z", "choice": 1, "correct": false, "user": 2, "question": 18}}, {"model": "analytics.history", "pk": 996, "fields": {"time": "2020-04-17T16:44:57.254Z", "choice": 3, "correct": false, "user": 2, "question": 15}}, {"model": "analytics.history", "pk": 997, "fields": {"time": "2020-04-17T16:44:57.257Z", "choice": 1, "correct": false, "user": 2, "question": 17}}, {"model": "analytics.history", "pk": 998, "fields": {"time": "2020-04-17T16:44:57.259Z", "choice": 1, "correct": false, "user": 2, "question": 16}}, {"model": "analytics.history", "pk": 999, "fields": {"time": "2020-04-17T16:44:57.262Z", "choice": 2, "correct": false, "user": 2, "question": 18}}, {"model": "analytics.history", "pk": 1000, "fields": {"time": "2020-04-17T16:44:57.264Z", "choice": 1, "correct": false, "user": 2, "question": 16}}, {"model": "analytics.history", "pk": 1001, "fields": {"time": "2020-04-17T16:44:57.266Z", "choice": 1, "correct": false, "user": 2, "question": 15}}, {"model": "analytics.history", "pk": 1002, "fields": {"time": "2020-04-17T16:45:14.165Z", "choice": 4, "correct": false, "user": 2, "question": 7}}, {"model": "analytics.history", "pk": 1003, "fields": {"time": "2020-04-17T16:45:14.168Z", "choice": 2, "correct": false, "user": 2, "question": 8}}, {"model": "analytics.history", "pk": 1004, "fields": {"time": "2020-04-17T16:45:14.171Z", "choice": 3, "correct": false, "user": 2, "question": 9}}, {"model": "analytics.history", "pk": 1005, "fields": {"time": "2020-04-17T16:45:14.173Z", "choice": 2, "correct": false, "user": 2, "question": 8}}, {"model": "analytics.history", "pk": 1006, "fields": {"time": "2020-04-17T16:45:14.176Z", "choice": 3, "correct": false, "user": 2, "question": 7}}, {"model": "analytics.history", "pk": 1007, "fields": {"time": "2020-04-17T16:45:14.178Z", "choice": 4, "correct": false, "user": 2, "question": 6}}, {"model": "analytics.history", "pk": 1008, "fields": {"time": "2020-04-17T16:45:43.640Z", "choice": 3, "correct": false, "user": 2, "question": 23}}, {"model": "analytics.history", "pk": 1009, "fields": {"time": "2020-04-17T16:45:43.642Z", "choice": 4, "correct": false, "user": 2, "question": 22}}, {"model": "analytics.history", "pk": 1010, "fields": {"time": "2020-04-17T16:45:43.644Z", "choice": 3, "correct": false, "user": 2, "question": 20}}, {"model": "analytics.history", "pk": 1011, "fields": {"time": "2020-04-17T16:45:43.647Z", "choice": 3, "correct": false, "user": 2, "question": 22}}, {"model": "analytics.history", "pk": 1012, "fields": {"time": "2020-04-17T16:45:43.649Z", "choice": 4, "correct": false, "user": 2, "question": 20}}, {"model": "analytics.history", "pk": 1013, "fields": {"time": "2020-04-17T16:45:43.652Z", "choice": 3, "correct": false, "user": 2, "question": 21}}, {"model": "analytics.history", "pk": 1014, "fields": {"time": "2020-04-17T16:46:41.775Z", "choice": 1, "correct": false, "user": 2, "question": 22}}, {"model": "analytics.history", "pk": 1015, "fields": {"time": "2020-04-17T16:46:41.778Z", "choice": 3, "correct": false, "user": 2, "question": 21}}, {"model": "analytics.history", "pk": 1016, "fields": {"time": "2020-04-17T16:46:41.780Z", "choice": 3, "correct": false, "user": 2, "question": 22}}, {"model": "analytics.history", "pk": 1017, "fields": {"time": "2020-04-17T16:46:41.782Z", "choice": 2, "correct": false, "user": 2, "question": 23}}, {"model": "analytics.history", "pk": 1018, "fields": {"time": "2020-04-17T16:46:47.909Z", "choice": 4, "correct": false, "user": 2, "question": 22}}, {"model": "analytics.history", "pk": 1019, "fields": {"time": "2020-04-17T16:46:47.911Z", "choice": 2, "correct": false, "user": 2, "question": 21}}, {"model": "analytics.history", "pk": 1020, "fields": {"time": "2020-04-17T16:46:47.914Z", "choice": 4, "correct": false, "user": 2, "question": 22}}, {"model": "analytics.history", "pk": 1021, "fields": {"time": "2020-04-17T17:06:00.426Z", "choice": 1, "correct": false, "user": 2, "question": 28}}, {"model": "analytics.history", "pk": 1022, "fields": {"time": "2020-04-17T17:06:00.430Z", "choice": 2, "correct": false, "user": 2, "question": 25}}, {"model": "analytics.history", "pk": 1023, "fields": {"time": "2020-04-17T17:06:00.434Z", "choice": 1, "correct": false, "user": 2, "question": 29}}, {"model": "analytics.history", "pk": 1024, "fields": {"time": "2020-04-17T17:06:00.436Z", "choice": 4, "correct": false, "user": 2, "question": 28}}, {"model": "analytics.history", "pk": 1025, "fields": {"time": "2020-04-17T17:06:00.439Z", "choice": 2, "correct": false, "user": 2, "question": 25}}, {"model": "analytics.history", "pk": 1026, "fields": {"time": "2020-04-17T17:06:00.442Z", "choice": 3, "correct": false, "user": 2, "question": 28}}, {"model": "analytics.history", "pk": 1027, "fields": {"time": "2020-04-17T17:06:06.477Z", "choice": 4, "correct": false, "user": 2, "question": 28}}, {"model": "analytics.history", "pk": 1028, "fields": {"time": "2020-04-17T17:06:06.479Z", "choice": 1, "correct": false, "user": 2, "question": 26}}, {"model": "analytics.history", "pk": 1029, "fields": {"time": "2020-04-17T17:06:06.482Z", "choice": 2, "correct": false, "user": 2, "question": 28}}, {"model": "analytics.history", "pk": 1030, "fields": {"time": "2020-04-17T17:06:06.484Z", "choice": 4, "correct": false, "user": 2, "question": 26}}, {"model": "analytics.history", "pk": 1031, "fields": {"time": "2020-04-17T17:06:06.487Z", "choice": 4, "correct": false, "user": 2, "question": 28}}, {"model": "analytics.history", "pk": 1032, "fields": {"time": "2020-04-17T17:06:15.743Z", "choice": 2, "correct": false, "user": 2, "question": 27}}, {"model": "analytics.history", "pk": 1033, "fields": {"time": "2020-04-17T17:06:15.747Z", "choice": 4, "correct": false, "user": 2, "question": 28}}, {"model": "analytics.history", "pk": 1034, "fields": {"time": "2020-04-17T17:06:15.750Z", "choice": 2, "correct": false, "user": 2, "question": 26}}, {"model": "analytics.history", "pk": 1035, "fields": {"time": "2020-04-17T17:06:15.752Z", "choice": 2, "correct": false, "user": 2, "question": 25}}, {"model": "analytics.history", "pk": 1036, "fields": {"time": "2020-04-17T17:06:15.755Z", "choice": 2, "correct": false, "user": 2, "question": 26}}, {"model": "analytics.history", "pk": 1037, "fields": {"time": "2020-04-17T17:06:22.268Z", "choice": 1, "correct": false, "user": 2, "question": 27}}, {"model": "analytics.history", "pk": 1038, "fields": {"time": "2020-04-17T17:06:22.271Z", "choice": 1, "correct": false, "user": 2, "question": 25}}, {"model": "analytics.history", "pk": 1039, "fields": {"time": "2020-04-17T17:06:22.273Z", "choice": 1, "correct": false, "user": 2, "question": 27}}, {"model": "analytics.history", "pk": 1040, "fields": {"time": "2020-04-17T17:06:22.276Z", "choice": 3, "correct": false, "user": 2, "question": 25}}, {"model": "analytics.history", "pk": 1041, "fields": {"time": "2020-04-17T17:06:22.278Z", "choice": 3, "correct": false, "user": 2, "question": 28}}, {"model": "analytics.history", "pk": 1042, "fields": {"time": "2020-04-17T17:06:22.280Z", "choice": 1, "correct": false, "user": 2, "question": 29}}, {"model": "analytics.history", "pk": 1043, "fields": {"time": "2020-04-17T17:06:28.612Z", "choice": 4, "correct": false, "user": 2, "question": 26}}, {"model": "analytics.history", "pk": 1044, "fields": {"time": "2020-04-17T17:06:28.615Z", "choice": 3, "correct": false, "user": 2, "question": 28}}, {"model": "analytics.history", "pk": 1045, "fields": {"time": "2020-04-17T17:06:28.618Z", "choice": 1, "correct": false, "user": 2, "question": 27}}, {"model": "analytics.history", "pk": 1046, "fields": {"time": "2020-04-17T17:06:28.631Z", "choice": 2, "correct": false, "user": 2, "question": 28}}, {"model": "analytics.history", "pk": 1047, "fields": {"time": "2020-04-17T17:06:28.640Z", "choice": 4, "correct": false, "user": 2, "question": 26}}, {"model": "analytics.history", "pk": 1048, "fields": {"time": "2020-04-17T17:06:28.644Z", "choice": 1, "correct": false, "user": 2, "question": 29}}, {"model": "analytics.history", "pk": 1049, "fields": {"time": "2020-04-17T17:06:34.191Z", "choice": 1, "correct": false, "user": 2, "question": 29}}, {"model": "analytics.history", "pk": 1050, "fields": {"time": "2020-04-17T17:06:34.197Z", "choice": 4, "correct": false, "user": 2, "question": 28}}, {"model": "analytics.history", "pk": 1051, "fields": {"time": "2020-04-17T17:06:34.200Z", "choice": 3, "correct": false, "user": 2, "question": 27}}, {"model": "analytics.history", "pk": 1052, "fields": {"time": "2020-04-17T17:06:34.202Z", "choice": 3, "correct": false, "user": 2, "question": 25}}, {"model": "analytics.history", "pk": 1053, "fields": {"time": "2020-04-17T17:06:49.424Z", "choice": 3, "correct": false, "user": 2, "question": 26}}, {"model": "analytics.history", "pk": 1054, "fields": {"time": "2020-04-17T17:06:49.426Z", "choice": 1, "correct": false, "user": 2, "question": 27}}, {"model": "analytics.history", "pk": 1055, "fields": {"time": "2020-04-17T17:06:49.429Z", "choice": 3, "correct": false, "user": 2, "question": 28}}, {"model": "analytics.history", "pk": 1056, "fields": {"time": "2020-04-17T17:06:49.431Z", "choice": 3, "correct": false, "user": 2, "question": 26}}, {"model": "analytics.history", "pk": 1057, "fields": {"time": "2020-04-17T17:09:41.986Z", "choice": 1, "correct": false, "user": 2, "question": 26}}, {"model": "analytics.history", "pk": 1058, "fields": {"time": "2020-04-17T17:09:41.988Z", "choice": 3, "correct": false, "user": 2, "question": 29}}, {"model": "analytics.history", "pk": 1059, "fields": {"time": "2020-04-17T17:09:41.991Z", "choice": 4, "correct": false, "user": 2, "question": 25}}, {"model": "analytics.history", "pk": 1060, "fields": {"time": "2020-04-17T17:09:41.993Z", "choice": 3, "correct": false, "user": 2, "question": 26}}, {"model": "analytics.history", "pk": 1061, "fields": {"time": "2020-04-17T17:09:41.995Z", "choice": 3, "correct": false, "user": 2, "question": 25}}, {"model": "analytics.history", "pk": 1062, "fields": {"time": "2020-04-17T17:09:41.997Z", "choice": 4, "correct": false, "user": 2, "question": 26}}, {"model": "analytics.history", "pk": 1063, "fields": {"time": "2020-04-17T17:13:34.185Z", "choice": 2, "correct": false, "user": 2, "question": 33}}, {"model": "analytics.history", "pk": 1064, "fields": {"time": "2020-04-17T17:13:34.190Z", "choice": 1, "correct": false, "user": 2, "question": 34}}, {"model": "analytics.history", "pk": 1065, "fields": {"time": "2020-04-17T17:13:34.194Z", "choice": 3, "correct": false, "user": 2, "question": 30}}, {"model": "analytics.history", "pk": 1066, "fields": {"time": "2020-04-17T17:13:34.198Z", "choice": 4, "correct": false, "user": 2, "question": 33}}, {"model": "analytics.history", "pk": 1067, "fields": {"time": "2020-04-17T17:13:48.304Z", "choice": 2, "correct": false, "user": 2, "question": 31}}, {"model": "analytics.history", "pk": 1068, "fields": {"time": "2020-04-17T17:13:48.307Z", "choice": 3, "correct": false, "user": 2, "question": 33}}, {"model": "analytics.history", "pk": 1069, "fields": {"time": "2020-04-17T17:13:48.311Z", "choice": 3, "correct": false, "user": 2, "question": 30}}, {"model": "analytics.history", "pk": 1070, "fields": {"time": "2020-04-17T17:13:58.982Z", "choice": 2, "correct": false, "user": 2, "question": 36}}, {"model": "analytics.history", "pk": 1071, "fields": {"time": "2020-04-17T17:13:58.985Z", "choice": 2, "correct": false, "user": 2, "question": 38}}, {"model": "analytics.history", "pk": 1072, "fields": {"time": "2020-04-17T17:13:58.988Z", "choice": 4, "correct": false, "user": 2, "question": 37}}, {"model": "analytics.history", "pk": 1073, "fields": {"time": "2020-04-17T17:14:14.001Z", "choice": 3, "correct": false, "user": 2, "question": 39}}, {"model": "analytics.history", "pk": 1074, "fields": {"time": "2020-04-17T17:14:14.004Z", "choice": 4, "correct": false, "user": 2, "question": 36}}, {"model": "analytics.history", "pk": 1075, "fields": {"time": "2020-04-17T17:14:14.010Z", "choice": 4, "correct": false, "user": 2, "question": 35}}, {"model": "analytics.history", "pk": 1076, "fields": {"time": "2020-04-17T18:08:10.651Z", "choice": 2, "correct": false, "user": 11, "question": 7}}, {"model": "analytics.history", "pk": 1077, "fields": {"time": "2020-04-17T18:08:10.654Z", "choice": 4, "correct": false, "user": 11, "question": 9}}, {"model": "analytics.history", "pk": 1078, "fields": {"time": "2020-04-17T18:08:10.657Z", "choice": 2, "correct": false, "user": 11, "question": 5}}, {"model": "analytics.history", "pk": 1079, "fields": {"time": "2020-04-17T18:08:10.659Z", "choice": 3, "correct": false, "user": 11, "question": 6}}, {"model": "analytics.history", "pk": 1080, "fields": {"time": "2020-04-17T18:08:10.661Z", "choice": 2, "correct": false, "user": 11, "question": 5}}, {"model": "analytics.history", "pk": 1081, "fields": {"time": "2020-04-17T18:08:10.664Z", "choice": 3, "correct": false, "user": 11, "question": 9}}, {"model": "analytics.history", "pk": 1082, "fields": {"time": "2020-04-17T18:08:10.667Z", "choice": 4, "correct": false, "user": 11, "question": 7}}, {"model": "analytics.history", "pk": 1083, "fields": {"time": "2020-04-17T18:08:22.358Z", "choice": 3, "correct": false, "user": 11, "question": 14}}, {"model": "analytics.history", "pk": 1084, "fields": {"time": "2020-04-17T18:08:22.361Z", "choice": 4, "correct": false, "user": 11, "question": 13}}, {"model": "analytics.history", "pk": 1085, "fields": {"time": "2020-04-17T18:08:22.364Z", "choice": 1, "correct": false, "user": 11, "question": 10}}, {"model": "analytics.history", "pk": 1086, "fields": {"time": "2020-04-17T18:08:22.367Z", "choice": 4, "correct": false, "user": 11, "question": 13}}, {"model": "analytics.history", "pk": 1087, "fields": {"time": "2020-04-17T18:08:22.369Z", "choice": 3, "correct": false, "user": 11, "question": 12}}, {"model": "analytics.history", "pk": 1088, "fields": {"time": "2020-04-18T19:25:31.380Z", "choice": 1, "correct": false, "user": 2, "question": 11}}, {"model": "analytics.history", "pk": 1089, "fields": {"time": "2020-04-18T19:25:31.385Z", "choice": 1, "correct": false, "user": 2, "question": 12}}, {"model": "analytics.history", "pk": 1090, "fields": {"time": "2020-04-18T19:25:31.390Z", "choice": 4, "correct": false, "user": 2, "question": 13}}, {"model": "analytics.history", "pk": 1091, "fields": {"time": "2020-04-18T19:25:31.392Z", "choice": 3, "correct": false, "user": 2, "question": 14}}, {"model": "analytics.history", "pk": 1092, "fields": {"time": "2020-04-18T19:25:31.394Z", "choice": 4, "correct": false, "user": 2, "question": 10}}, {"model": "analytics.history", "pk": 1093, "fields": {"time": "2020-04-18T19:25:31.396Z", "choice": 4, "correct": false, "user": 2, "question": 13}}, {"model": "analytics.history", "pk": 1094, "fields": {"time": "2020-04-18T19:25:31.398Z", "choice": 2, "correct": false, "user": 2, "question": 10}}, {"model": "analytics.history", "pk": 1095, "fields": {"time": "2020-04-18T19:25:39.181Z", "choice": 2, "correct": false, "user": 2, "question": 13}}, {"model": "analytics.history", "pk": 1096, "fields": {"time": "2020-04-18T19:25:39.185Z", "choice": 3, "correct": false, "user": 2, "question": 11}}, {"model": "analytics.history", "pk": 1097, "fields": {"time": "2020-04-18T19:25:39.187Z", "choice": 3, "correct": false, "user": 2, "question": 10}}, {"model": "analytics.history", "pk": 1098, "fields": {"time": "2020-04-18T19:25:39.189Z", "choice": 2, "correct": false, "user": 2, "question": 13}}, {"model": "analytics.history", "pk": 1099, "fields": {"time": "2020-04-18T19:25:39.193Z", "choice": 3, "correct": false, "user": 2, "question": 12}}, {"model": "analytics.history", "pk": 1100, "fields": {"time": "2020-04-18T19:49:21.708Z", "choice": 4, "correct": false, "user": 2, "question": 9}}, {"model": "analytics.history", "pk": 1101, "fields": {"time": "2020-04-18T19:49:21.717Z", "choice": 1, "correct": false, "user": 2, "question": 6}}, {"model": "analytics.history", "pk": 1102, "fields": {"time": "2020-04-18T19:49:21.719Z", "choice": 1, "correct": false, "user": 2, "question": 5}}, {"model": "analytics.history", "pk": 1103, "fields": {"time": "2020-04-18T19:49:21.725Z", "choice": 3, "correct": false, "user": 2, "question": 9}}, {"model": "analytics.history", "pk": 1104, "fields": {"time": "2020-04-18T19:49:21.729Z", "choice": 1, "correct": false, "user": 2, "question": 8}}, {"model": "analytics.history", "pk": 1105, "fields": {"time": "2020-04-18T19:49:21.731Z", "choice": 4, "correct": false, "user": 2, "question": 9}}, {"model": "analytics.history", "pk": 1106, "fields": {"time": "2020-04-18T19:49:21.737Z", "choice": 3, "correct": false, "user": 2, "question": 6}}, {"model": "analytics.history", "pk": 1107, "fields": {"time": "2020-04-18T19:51:37.970Z", "choice": 4, "correct": false, "user": 2, "question": 13}}, {"model": "analytics.history", "pk": 1108, "fields": {"time": "2020-04-18T19:51:37.977Z", "choice": 3, "correct": false, "user": 2, "question": 10}}, {"model": "analytics.history", "pk": 1109, "fields": {"time": "2020-04-18T19:51:37.989Z", "choice": 3, "correct": false, "user": 2, "question": 12}}, {"model": "analytics.history", "pk": 1110, "fields": {"time": "2020-04-18T19:51:37.991Z", "choice": 4, "correct": false, "user": 2, "question": 10}}, {"model": "analytics.history", "pk": 1111, "fields": {"time": "2020-04-18T19:51:37.997Z", "choice": 2, "correct": false, "user": 2, "question": 12}}, {"model": "analytics.history", "pk": 1112, "fields": {"time": "2020-04-18T19:51:38.001Z", "choice": 3, "correct": false, "user": 2, "question": 13}}, {"model": "analytics.history", "pk": 1113, "fields": {"time": "2020-04-18T19:51:38.011Z", "choice": 2, "correct": false, "user": 2, "question": 14}}, {"model": "analytics.history", "pk": 1114, "fields": {"time": "2020-04-18T19:53:54.894Z", "choice": 1, "correct": false, "user": 5, "question": 6}}, {"model": "analytics.history", "pk": 1115, "fields": {"time": "2020-04-18T19:53:54.897Z", "choice": 2, "correct": false, "user": 5, "question": 8}}, {"model": "analytics.history", "pk": 1116, "fields": {"time": "2020-04-18T19:53:54.899Z", "choice": 2, "correct": false, "user": 5, "question": 7}}, {"model": "analytics.history", "pk": 1117, "fields": {"time": "2020-04-18T19:53:54.901Z", "choice": 4, "correct": false, "user": 5, "question": 6}}, {"model": "analytics.history", "pk": 1118, "fields": {"time": "2020-04-18T19:59:48.783Z", "choice": 4, "correct": false, "user": 2, "question": 6}}, {"model": "analytics.history", "pk": 1119, "fields": {"time": "2020-04-18T19:59:48.787Z", "choice": 2, "correct": false, "user": 2, "question": 8}}, {"model": "analytics.history", "pk": 1120, "fields": {"time": "2020-04-18T19:59:48.789Z", "choice": 2, "correct": false, "user": 2, "question": 9}}, {"model": "analytics.history", "pk": 1121, "fields": {"time": "2020-04-18T19:59:48.791Z", "choice": 2, "correct": false, "user": 2, "question": 5}}, {"model": "analytics.history", "pk": 1122, "fields": {"time": "2020-04-18T19:59:48.793Z", "choice": 2, "correct": false, "user": 2, "question": 7}}, {"model": "analytics.history", "pk": 1123, "fields": {"time": "2020-04-18T20:05:57.273Z", "choice": 2, "correct": false, "user": 2, "question": 8}}, {"model": "analytics.history", "pk": 1124, "fields": {"time": "2020-04-18T20:05:57.281Z", "choice": 4, "correct": false, "user": 2, "question": 5}}, {"model": "analytics.history", "pk": 1125, "fields": {"time": "2020-04-18T20:05:57.289Z", "choice": 4, "correct": false, "user": 2, "question": 8}}, {"model": "analytics.history", "pk": 1126, "fields": {"time": "2020-04-18T20:05:57.293Z", "choice": 4, "correct": false, "user": 2, "question": 5}}, {"model": "analytics.history", "pk": 1127, "fields": {"time": "2020-04-18T20:11:00.787Z", "choice": 3, "correct": false, "user": 2, "question": 8}}, {"model": "analytics.history", "pk": 1128, "fields": {"time": "2020-04-18T20:11:00.793Z", "choice": 2, "correct": false, "user": 2, "question": 7}}, {"model": "analytics.history", "pk": 1129, "fields": {"time": "2020-04-18T20:11:00.803Z", "choice": 2, "correct": false, "user": 2, "question": 5}}, {"model": "analytics.history", "pk": 1130, "fields": {"time": "2020-04-18T20:11:00.807Z", "choice": 3, "correct": false, "user": 2, "question": 9}}, {"model": "analytics.history", "pk": 1131, "fields": {"time": "2020-04-18T20:11:00.813Z", "choice": 4, "correct": false, "user": 2, "question": 5}}, {"model": "analytics.history", "pk": 1132, "fields": {"time": "2020-04-18T20:11:00.818Z", "choice": 4, "correct": false, "user": 2, "question": 7}}, {"model": "analytics.history", "pk": 1133, "fields": {"time": "2020-04-18T20:11:00.829Z", "choice": 2, "correct": false, "user": 2, "question": 8}}, {"model": "analytics.history", "pk": 1134, "fields": {"time": "2020-04-18T20:37:10.439Z", "choice": 3, "correct": false, "user": 2, "question": 14}}, {"model": "analytics.history", "pk": 1135, "fields": {"time": "2020-04-18T20:37:10.443Z", "choice": 4, "correct": false, "user": 2, "question": 10}}, {"model": "analytics.history", "pk": 1136, "fields": {"time": "2020-04-18T20:37:10.445Z", "choice": 3, "correct": false, "user": 2, "question": 13}}, {"model": "analytics.history", "pk": 1137, "fields": {"time": "2020-04-18T20:37:10.448Z", "choice": 1, "correct": false, "user": 2, "question": 12}}, {"model": "analytics.history", "pk": 1138, "fields": {"time": "2020-04-19T06:28:59.884Z", "choice": 1, "correct": false, "user": 2, "question": 8}}, {"model": "analytics.history", "pk": 1139, "fields": {"time": "2020-04-19T06:28:59.888Z", "choice": 3, "correct": false, "user": 2, "question": 7}}, {"model": "analytics.history", "pk": 1140, "fields": {"time": "2020-04-19T06:28:59.890Z", "choice": 4, "correct": false, "user": 2, "question": 5}}, {"model": "analytics.history", "pk": 1141, "fields": {"time": "2020-04-19T06:28:59.893Z", "choice": 1, "correct": false, "user": 2, "question": 7}}, {"model": "analytics.history", "pk": 1142, "fields": {"time": "2020-04-19T06:28:59.895Z", "choice": 2, "correct": false, "user": 2, "question": 8}}, {"model": "analytics.history", "pk": 1143, "fields": {"time": "2020-04-19T06:28:59.900Z", "choice": 4, "correct": false, "user": 2, "question": 7}}, {"model": "analytics.history", "pk": 1144, "fields": {"time": "2020-04-19T06:28:59.902Z", "choice": 2, "correct": false, "user": 2, "question": 9}}, {"model": "analytics.history", "pk": 1145, "fields": {"time": "2020-04-19T06:55:17.699Z", "choice": 2, "correct": false, "user": 2, "question": 13}}, {"model": "analytics.history", "pk": 1146, "fields": {"time": "2020-04-19T06:55:17.702Z", "choice": 4, "correct": false, "user": 2, "question": 10}}, {"model": "analytics.history", "pk": 1147, "fields": {"time": "2020-04-19T06:55:17.704Z", "choice": 3, "correct": false, "user": 2, "question": 14}}, {"model": "analytics.history", "pk": 1148, "fields": {"time": "2020-04-19T06:55:17.706Z", "choice": 1, "correct": false, "user": 2, "question": 11}}, {"model": "analytics.history", "pk": 1149, "fields": {"time": "2020-04-19T06:55:17.708Z", "choice": 3, "correct": false, "user": 2, "question": 10}}, {"model": "analytics.history", "pk": 1150, "fields": {"time": "2020-04-19T06:55:17.711Z", "choice": 2, "correct": false, "user": 2, "question": 14}}, {"model": "analytics.history", "pk": 1151, "fields": {"time": "2020-04-19T06:55:35.998Z", "choice": 4, "correct": false, "user": 2, "question": 16}}, {"model": "analytics.history", "pk": 1152, "fields": {"time": "2020-04-19T06:55:36.000Z", "choice": 4, "correct": false, "user": 2, "question": 19}}, {"model": "analytics.history", "pk": 1153, "fields": {"time": "2020-04-19T06:55:36.003Z", "choice": 4, "correct": false, "user": 2, "question": 16}}, {"model": "analytics.history", "pk": 1154, "fields": {"time": "2020-04-19T06:55:36.005Z", "choice": 1, "correct": false, "user": 2, "question": 17}}, {"model": "analytics.history", "pk": 1155, "fields": {"time": "2020-04-19T06:55:36.007Z", "choice": 3, "correct": false, "user": 2, "question": 15}}, {"model": "analytics.history", "pk": 1156, "fields": {"time": "2020-04-19T06:55:36.010Z", "choice": 1, "correct": false, "user": 2, "question": 19}}, {"model": "analytics.history", "pk": 1157, "fields": {"time": "2020-04-19T06:55:36.012Z", "choice": 2, "correct": false, "user": 2, "question": 17}}, {"model": "analytics.history", "pk": 1158, "fields": {"time": "2020-04-19T06:57:33.962Z", "choice": 2, "correct": false, "user": 2, "question": 6}}, {"model": "analytics.history", "pk": 1159, "fields": {"time": "2020-04-19T06:57:33.965Z", "choice": 2, "correct": false, "user": 2, "question": 9}}, {"model": "analytics.history", "pk": 1160, "fields": {"time": "2020-04-19T06:57:33.967Z", "choice": 3, "correct": false, "user": 2, "question": 6}}, {"model": "analytics.history", "pk": 1161, "fields": {"time": "2020-04-19T06:57:33.969Z", "choice": 2, "correct": false, "user": 2, "question": 8}}, {"model": "analytics.history", "pk": 1162, "fields": {"time": "2020-04-19T06:57:33.972Z", "choice": 3, "correct": false, "user": 2, "question": 6}}, {"model": "analytics.history", "pk": 1163, "fields": {"time": "2020-04-19T06:57:33.975Z", "choice": 1, "correct": false, "user": 2, "question": 7}}, {"model": "analytics.history", "pk": 1164, "fields": {"time": "2020-04-19T06:58:44.721Z", "choice": 1, "correct": false, "user": 2, "question": 14}}, {"model": "analytics.history", "pk": 1165, "fields": {"time": "2020-04-19T06:58:44.724Z", "choice": 1, "correct": false, "user": 2, "question": 13}}, {"model": "analytics.history", "pk": 1166, "fields": {"time": "2020-04-19T06:58:44.726Z", "choice": 1, "correct": false, "user": 2, "question": 10}}, {"model": "analytics.history", "pk": 1167, "fields": {"time": "2020-04-19T06:58:44.728Z", "choice": 1, "correct": false, "user": 2, "question": 13}}, {"model": "analytics.history", "pk": 1168, "fields": {"time": "2020-04-19T06:58:44.731Z", "choice": 2, "correct": false, "user": 2, "question": 12}}, {"model": "analytics.history", "pk": 1169, "fields": {"time": "2020-04-19T06:59:07.749Z", "choice": 1, "correct": false, "user": 2, "question": 19}}, {"model": "analytics.history", "pk": 1170, "fields": {"time": "2020-04-19T06:59:07.752Z", "choice": 3, "correct": false, "user": 2, "question": 16}}, {"model": "analytics.history", "pk": 1171, "fields": {"time": "2020-04-19T06:59:07.754Z", "choice": 4, "correct": false, "user": 2, "question": 19}}, {"model": "analytics.history", "pk": 1172, "fields": {"time": "2020-04-19T06:59:07.756Z", "choice": 1, "correct": false, "user": 2, "question": 17}}, {"model": "analytics.history", "pk": 1173, "fields": {"time": "2020-04-19T07:25:57.892Z", "choice": 4, "correct": false, "user": 2, "question": 14}}, {"model": "analytics.history", "pk": 1174, "fields": {"time": "2020-04-19T07:25:57.895Z", "choice": 3, "correct": false, "user": 2, "question": 13}}, {"model": "analytics.history", "pk": 1175, "fields": {"time": "2020-04-19T07:25:57.897Z", "choice": 4, "correct": false, "user": 2, "question": 14}}, {"model": "analytics.history", "pk": 1176, "fields": {"time": "2020-04-19T07:42:05.722Z", "choice": 3, "correct": false, "user": 2, "question": 7}}, {"model": "analytics.history", "pk": 1177, "fields": {"time": "2020-04-19T07:42:05.727Z", "choice": 1, "correct": false, "user": 2, "question": 6}}, {"model": "analytics.history", "pk": 1178, "fields": {"time": "2020-04-19T08:07:41.433Z", "choice": 1, "correct": false, "user": 2, "question": 11}}, {"model": "analytics.history", "pk": 1179, "fields": {"time": "2020-04-19T08:07:41.437Z", "choice": 3, "correct": false, "user": 2, "question": 14}}, {"model": "analytics.history", "pk": 1180, "fields": {"time": "2020-04-19T08:07:41.440Z", "choice": 3, "correct": false, "user": 2, "question": 11}}, {"model": "analytics.history", "pk": 1181, "fields": {"time": "2020-04-19T08:07:41.442Z", "choice": 1, "correct": false, "user": 2, "question": 14}}, {"model": "analytics.history", "pk": 1182, "fields": {"time": "2020-04-19T08:07:41.444Z", "choice": 4, "correct": false, "user": 2, "question": 12}}, {"model": "analytics.history", "pk": 1183, "fields": {"time": "2020-04-19T08:17:50.992Z", "choice": 4, "correct": false, "user": 2, "question": 14}}, {"model": "analytics.history", "pk": 1184, "fields": {"time": "2020-04-19T08:17:50.996Z", "choice": 1, "correct": false, "user": 2, "question": 11}}, {"model": "analytics.history", "pk": 1185, "fields": {"time": "2020-04-19T08:17:50.998Z", "choice": 2, "correct": false, "user": 2, "question": 14}}, {"model": "analytics.history", "pk": 1186, "fields": {"time": "2020-04-19T08:17:51.001Z", "choice": 1, "correct": false, "user": 2, "question": 10}}, {"model": "analytics.history", "pk": 1187, "fields": {"time": "2020-04-19T08:17:51.003Z", "choice": 1, "correct": false, "user": 2, "question": 12}}, {"model": "analytics.history", "pk": 1188, "fields": {"time": "2020-04-19T08:17:51.005Z", "choice": 4, "correct": false, "user": 2, "question": 10}}, {"model": "analytics.history", "pk": 1189, "fields": {"time": "2020-04-19T08:56:25.521Z", "choice": 3, "correct": true, "user": 2, "question": 13}}, {"model": "analytics.history", "pk": 1190, "fields": {"time": "2020-04-19T08:56:25.526Z", "choice": 1, "correct": false, "user": 2, "question": 14}}, {"model": "analytics.history", "pk": 1191, "fields": {"time": "2020-04-19T08:56:25.528Z", "choice": 4, "correct": false, "user": 2, "question": 12}}, {"model": "analytics.history", "pk": 1192, "fields": {"time": "2020-04-19T08:56:25.537Z", "choice": 3, "correct": true, "user": 2, "question": 13}}, {"model": "analytics.history", "pk": 1193, "fields": {"time": "2020-04-19T08:56:25.541Z", "choice": 1, "correct": true, "user": 2, "question": 12}}, {"model": "analytics.history", "pk": 1194, "fields": {"time": "2020-04-19T08:58:05.462Z", "choice": 4, "correct": false, "user": 2, "question": 42}}, {"model": "analytics.history", "pk": 1195, "fields": {"time": "2020-04-19T08:58:05.466Z", "choice": 4, "correct": true, "user": 2, "question": 10}}, {"model": "analytics.history", "pk": 1196, "fields": {"time": "2020-04-19T08:58:05.468Z", "choice": 1, "correct": false, "user": 2, "question": 42}}, {"model": "analytics.history", "pk": 1197, "fields": {"time": "2020-04-19T11:29:00.376Z", "choice": 3, "correct": false, "user": 2, "question": 14}}, {"model": "analytics.history", "pk": 1198, "fields": {"time": "2020-04-19T11:29:00.380Z", "choice": 1, "correct": false, "user": 2, "question": 13}}, {"model": "analytics.history", "pk": 1199, "fields": {"time": "2020-04-19T11:29:00.382Z", "choice": 3, "correct": false, "user": 2, "question": 11}}, {"model": "analytics.history", "pk": 1200, "fields": {"time": "2020-04-19T11:29:00.385Z", "choice": 2, "correct": false, "user": 2, "question": 14}}, {"model": "analytics.history", "pk": 1201, "fields": {"time": "2020-04-19T11:29:00.388Z", "choice": 3, "correct": false, "user": 2, "question": 11}}, {"model": "analytics.history", "pk": 1202, "fields": {"time": "2020-04-19T11:29:15.338Z", "choice": 3, "correct": false, "user": 2, "question": 12}}, {"model": "analytics.history", "pk": 1203, "fields": {"time": "2020-04-19T11:29:15.342Z", "choice": 3, "correct": false, "user": 2, "question": 11}}, {"model": "analytics.history", "pk": 1204, "fields": {"time": "2020-04-19T11:29:15.345Z", "choice": 2, "correct": false, "user": 2, "question": 14}}, {"model": "analytics.history", "pk": 1205, "fields": {"time": "2020-04-19T11:29:15.348Z", "choice": 2, "correct": false, "user": 2, "question": 12}}, {"model": "analytics.history", "pk": 1206, "fields": {"time": "2020-04-19T11:29:15.350Z", "choice": 4, "correct": false, "user": 2, "question": 11}}, {"model": "analytics.history", "pk": 1207, "fields": {"time": "2020-04-19T11:30:24.504Z", "choice": 2, "correct": false, "user": 2, "question": 12}}, {"model": "analytics.history", "pk": 1208, "fields": {"time": "2020-04-19T11:30:24.506Z", "choice": 2, "correct": false, "user": 2, "question": 13}}, {"model": "analytics.history", "pk": 1209, "fields": {"time": "2020-04-19T11:30:24.509Z", "choice": 4, "correct": true, "user": 2, "question": 14}}, {"model": "analytics.history", "pk": 1210, "fields": {"time": "2020-04-19T11:30:24.512Z", "choice": 1, "correct": true, "user": 2, "question": 12}}, {"model": "analytics.history", "pk": 1211, "fields": {"time": "2020-04-19T11:30:24.514Z", "choice": 4, "correct": false, "user": 2, "question": 13}}, {"model": "analytics.history", "pk": 1212, "fields": {"time": "2020-04-19T11:30:24.517Z", "choice": 2, "correct": false, "user": 2, "question": 12}}, {"model": "analytics.history", "pk": 1213, "fields": {"time": "2020-04-19T11:30:24.519Z", "choice": 3, "correct": true, "user": 2, "question": 13}}, {"model": "analytics.history", "pk": 1214, "fields": {"time": "2020-04-19T12:34:10.527Z", "choice": 2, "correct": false, "user": 3, "question": 9}}, {"model": "analytics.history", "pk": 1215, "fields": {"time": "2020-04-19T12:34:10.540Z", "choice": 4, "correct": true, "user": 3, "question": 6}}, {"model": "analytics.history", "pk": 1216, "fields": {"time": "2020-04-19T12:34:10.557Z", "choice": 3, "correct": false, "user": 3, "question": 5}}, {"model": "analytics.history", "pk": 1217, "fields": {"time": "2020-04-19T12:34:10.572Z", "choice": 1, "correct": false, "user": 3, "question": 9}}, {"model": "analytics.history", "pk": 1218, "fields": {"time": "2020-04-19T12:34:10.580Z", "choice": 2, "correct": true, "user": 3, "question": 8}}, {"model": "analytics.history", "pk": 1219, "fields": {"time": "2020-04-19T12:34:10.594Z", "choice": 4, "correct": true, "user": 3, "question": 6}}, {"model": "analytics.history", "pk": 1220, "fields": {"time": "2020-04-19T12:35:13.563Z", "choice": 4, "correct": true, "user": 3, "question": 14}}, {"model": "analytics.history", "pk": 1221, "fields": {"time": "2020-04-19T12:35:13.568Z", "choice": 1, "correct": false, "user": 3, "question": 11}}, {"model": "analytics.history", "pk": 1222, "fields": {"time": "2020-04-19T12:35:13.571Z", "choice": 4, "correct": true, "user": 3, "question": 10}}, {"model": "analytics.history", "pk": 1223, "fields": {"time": "2020-04-19T12:35:13.574Z", "choice": 1, "correct": false, "user": 3, "question": 13}}, {"model": "analytics.history", "pk": 1224, "fields": {"time": "2020-04-19T12:35:13.577Z", "choice": 2, "correct": false, "user": 3, "question": 14}}, {"model": "analytics.history", "pk": 1225, "fields": {"time": "2020-04-19T12:35:13.580Z", "choice": 2, "correct": true, "user": 3, "question": 11}}, {"model": "analytics.history", "pk": 1226, "fields": {"time": "2020-04-19T12:35:30.791Z", "choice": 2, "correct": true, "user": 3, "question": 18}}, {"model": "analytics.history", "pk": 1227, "fields": {"time": "2020-04-19T12:35:30.799Z", "choice": 3, "correct": false, "user": 3, "question": 17}}, {"model": "analytics.history", "pk": 1228, "fields": {"time": "2020-04-19T12:35:30.802Z", "choice": 4, "correct": false, "user": 3, "question": 19}}, {"model": "analytics.history", "pk": 1229, "fields": {"time": "2020-04-19T12:35:30.806Z", "choice": 1, "correct": false, "user": 3, "question": 15}}, {"model": "analytics.history", "pk": 1230, "fields": {"time": "2020-04-19T12:35:30.816Z", "choice": 4, "correct": false, "user": 3, "question": 18}}, {"model": "analytics.history", "pk": 1231, "fields": {"time": "2020-04-19T12:35:30.819Z", "choice": 3, "correct": false, "user": 3, "question": 15}}, {"model": "analytics.history", "pk": 1232, "fields": {"time": "2020-04-19T12:35:57.866Z", "choice": 4, "correct": false, "user": 3, "question": 19}}, {"model": "analytics.history", "pk": 1233, "fields": {"time": "2020-04-19T12:35:57.869Z", "choice": 1, "correct": false, "user": 3, "question": 18}}, {"model": "analytics.history", "pk": 1234, "fields": {"time": "2020-04-19T12:35:57.872Z", "choice": 2, "correct": true, "user": 3, "question": 15}}, {"model": "analytics.history", "pk": 1235, "fields": {"time": "2020-04-19T12:35:57.878Z", "choice": 4, "correct": false, "user": 3, "question": 17}}, {"model": "analytics.history", "pk": 1236, "fields": {"time": "2020-04-19T12:35:57.887Z", "choice": 1, "correct": false, "user": 3, "question": 15}}, {"model": "analytics.history", "pk": 1237, "fields": {"time": "2020-04-19T12:35:57.891Z", "choice": 2, "correct": false, "user": 3, "question": 17}}, {"model": "analytics.history", "pk": 1238, "fields": {"time": "2020-04-19T12:36:28.519Z", "choice": 1, "correct": false, "user": 3, "question": 18}}, {"model": "analytics.history", "pk": 1239, "fields": {"time": "2020-04-19T12:36:28.522Z", "choice": 3, "correct": true, "user": 3, "question": 16}}, {"model": "analytics.history", "pk": 1240, "fields": {"time": "2020-04-19T12:36:28.525Z", "choice": 4, "correct": false, "user": 3, "question": 19}}, {"model": "analytics.history", "pk": 1241, "fields": {"time": "2020-04-19T12:36:28.527Z", "choice": 3, "correct": false, "user": 3, "question": 18}}, {"model": "analytics.history", "pk": 1242, "fields": {"time": "2020-04-19T12:36:28.532Z", "choice": 3, "correct": false, "user": 3, "question": 17}}, {"model": "analytics.history", "pk": 1243, "fields": {"time": "2020-04-19T12:36:28.535Z", "choice": 1, "correct": true, "user": 3, "question": 19}}, {"model": "analytics.history", "pk": 1244, "fields": {"time": "2020-04-19T12:36:28.539Z", "choice": 3, "correct": false, "user": 3, "question": 18}}, {"model": "analytics.history", "pk": 1245, "fields": {"time": "2020-04-19T12:36:40.286Z", "choice": 1, "correct": false, "user": 3, "question": 16}}, {"model": "analytics.history", "pk": 1246, "fields": {"time": "2020-04-19T12:36:40.289Z", "choice": 4, "correct": false, "user": 3, "question": 15}}, {"model": "analytics.history", "pk": 1247, "fields": {"time": "2020-04-19T12:36:40.292Z", "choice": 1, "correct": true, "user": 3, "question": 19}}, {"model": "analytics.history", "pk": 1248, "fields": {"time": "2020-04-19T12:36:40.295Z", "choice": 2, "correct": false, "user": 3, "question": 16}}, {"model": "analytics.history", "pk": 1249, "fields": {"time": "2020-04-19T12:36:40.297Z", "choice": 4, "correct": false, "user": 3, "question": 19}}, {"model": "analytics.history", "pk": 1250, "fields": {"time": "2020-04-19T12:36:40.300Z", "choice": 4, "correct": false, "user": 3, "question": 16}}, {"model": "analytics.history", "pk": 1251, "fields": {"time": "2020-04-19T12:37:01.211Z", "choice": 2, "correct": false, "user": 3, "question": 17}}, {"model": "analytics.history", "pk": 1252, "fields": {"time": "2020-04-19T12:37:01.214Z", "choice": 3, "correct": true, "user": 3, "question": 16}}, {"model": "analytics.history", "pk": 1253, "fields": {"time": "2020-04-19T12:37:01.219Z", "choice": 2, "correct": true, "user": 3, "question": 18}}, {"model": "analytics.history", "pk": 1254, "fields": {"time": "2020-04-19T12:37:01.223Z", "choice": 3, "correct": false, "user": 3, "question": 19}}, {"model": "analytics.history", "pk": 1255, "fields": {"time": "2020-04-19T12:37:01.229Z", "choice": 1, "correct": false, "user": 3, "question": 16}}, {"model": "analytics.history", "pk": 1256, "fields": {"time": "2020-04-19T12:37:01.233Z", "choice": 2, "correct": false, "user": 3, "question": 19}}, {"model": "analytics.history", "pk": 1257, "fields": {"time": "2020-04-19T12:37:01.237Z", "choice": 4, "correct": false, "user": 3, "question": 17}}, {"model": "analytics.history", "pk": 1258, "fields": {"time": "2020-04-19T12:37:20.632Z", "choice": 1, "correct": true, "user": 3, "question": 17}}, {"model": "analytics.history", "pk": 1259, "fields": {"time": "2020-04-19T12:37:20.638Z", "choice": 3, "correct": false, "user": 3, "question": 15}}, {"model": "analytics.history", "pk": 1260, "fields": {"time": "2020-04-19T12:37:20.643Z", "choice": 1, "correct": true, "user": 3, "question": 19}}, {"model": "analytics.history", "pk": 1261, "fields": {"time": "2020-04-19T12:37:20.649Z", "choice": 3, "correct": false, "user": 3, "question": 18}}, {"model": "analytics.history", "pk": 1262, "fields": {"time": "2020-04-19T12:37:20.654Z", "choice": 3, "correct": true, "user": 3, "question": 16}}, {"model": "admin.logentry", "pk": 1, "fields": {"action_time": "2020-04-07T13:33:19.225Z", "user": 1, "content_type": 4, "object_id": "2", "object_repr": "feeder", "action_flag": 1, "change_message": "[{\"added\": {}}]"}}, {"model": "admin.logentry", "pk": 2, "fields": {"action_time": "2020-04-07T13:33:29.987Z", "user": 1, "content_type": 4, "object_id": "2", "object_repr": "feeder", "action_flag": 2, "change_message": "[{\"changed\": {\"fields\": [\"email\"]}}]"}}, {"model": "admin.logentry", "pk": 3, "fields": {"action_time": "2020-04-07T18:08:37.628Z", "user": 1, "content_type": 20, "object_id": "CZ2006", "object_repr": "Code:CZ2006-Name:Software Engineering", "action_flag": 1, "change_message": "[{\"added\": {}}]"}}, {"model": "admin.logentry", "pk": 4, "fields": {"action_time": "2020-04-07T18:08:40.318Z", "user": 1, "content_type": 11, "object_id": "1", "object_repr": "Expedition 1-CZ2006", "action_flag": 1, "change_message": "[{\"added\": {}}]"}}, {"model": "admin.logentry", "pk": 5, "fields": {"action_time": "2020-04-07T18:09:51.598Z", "user": 1, "content_type": 23, "object_id": "1", "object_repr": "CZ2006-Lv:1-Topic:Requirements", "action_flag": 1, "change_message": "[{\"added\": {}}]"}}, {"model": "admin.logentry", "pk": 6, "fields": {"action_time": "2020-04-07T18:09:59.294Z", "user": 1, "content_type": 14, "object_id": "1", "object_repr": "Expedition:(Expedition 1-CZ2006) Section:(CZ2006-Lv:1-Topic:Requirements)", "action_flag": 1, "change_message": "[{\"added\": {}}]"}}, {"model": "admin.logentry", "pk": 7, "fields": {"action_time": "2020-04-07T18:10:39.826Z", "user": 1, "content_type": 23, "object_id": "2", "object_repr": "CZ2006-Lv:2-Topic:Specification", "action_flag": 1, "change_message": "[{\"added\": {}}]"}}, {"model": "admin.logentry", "pk": 8, "fields": {"action_time": "2020-04-07T18:10:42.645Z", "user": 1, "content_type": 14, "object_id": "2", "object_repr": "Expedition:(Expedition 1-CZ2006) Section:(CZ2006-Lv:2-Topic:Specification)", "action_flag": 1, "change_message": "[{\"added\": {}}]"}}, {"model": "admin.logentry", "pk": 9, "fields": {"action_time": "2020-04-07T18:11:19.194Z", "user": 1, "content_type": 13, "object_id": "1", "object_repr": "HP:100-Attack:50-Type:1", "action_flag": 1, "change_message": "[{\"added\": {}}]"}}, {"model": "admin.logentry", "pk": 10, "fields": {"action_time": "2020-04-07T18:11:41.514Z", "user": 1, "content_type": 22, "object_id": "1", "object_repr": "ID:1-Name:For NPC 1", "action_flag": 1, "change_message": "[{\"added\": {}}]"}}, {"model": "admin.logentry", "pk": 11, "fields": {"action_time": "2020-04-07T18:11:43.955Z", "user": 1, "content_type": 12, "object_id": "1", "object_repr": "NPC:1-World:(Expedition:(Expedition 1-CZ2006) Section:(CZ2006-Lv:1-Topic:Requirements))", "action_flag": 1, "change_message": "[{\"added\": {}}]"}}, {"model": "admin.logentry", "pk": 12, "fields": {"action_time": "2020-04-07T18:12:43.382Z", "user": 1, "content_type": 21, "object_id": "1", "object_repr": "ID:1-Sect:(CZ2006-Lv:1-Topic:Requirements)-Question:Question 1", "action_flag": 1, "change_message": "[{\"added\": {}}]"}}, {"model": "admin.logentry", "pk": 13, "fields": {"action_time": "2020-04-07T18:12:45.818Z", "user": 1, "content_type": 24, "object_id": "1", "object_repr": "QuestionBank_Question object (1)", "action_flag": 1, "change_message": "[{\"added\": {}}]"}}, {"model": "admin.logentry", "pk": 14, "fields": {"action_time": "2020-04-08T11:57:28.865Z", "user": 1, "content_type": 4, "object_id": "3", "object_repr": "feeder_temp", "action_flag": 1, "change_message": "[{\"added\": {}}]"}}, {"model": "admin.logentry", "pk": 15, "fields": {"action_time": "2020-04-08T11:57:58.684Z", "user": 1, "content_type": 4, "object_id": "3", "object_repr": "feeder_temp", "action_flag": 2, "change_message": "[{\"changed\": {\"fields\": [\"email\"]}}]"}}, {"model": "admin.logentry", "pk": 16, "fields": {"action_time": "2020-04-09T13:28:37.639Z", "user": 1, "content_type": 20, "object_id": "CZ3003", "object_repr": "Code:CZ3003-Name:SSAD", "action_flag": 1, "change_message": "[{\"added\": {}}]"}}, {"model": "admin.logentry", "pk": 17, "fields": {"action_time": "2020-04-09T13:28:40.065Z", "user": 1, "content_type": 11, "object_id": "2", "object_repr": "Expedition 2-CZ3003", "action_flag": 1, "change_message": "[{\"added\": {}}]"}}, {"model": "admin.logentry", "pk": 18, "fields": {"action_time": "2020-04-09T13:29:00.958Z", "user": 1, "content_type": 20, "object_id": "CZ1005", "object_repr": "Code:CZ1005-Name:Digital Logic", "action_flag": 1, "change_message": "[{\"added\": {}}]"}}, {"model": "admin.logentry", "pk": 19, "fields": {"action_time": "2020-04-09T13:29:02.830Z", "user": 1, "content_type": 11, "object_id": "3", "object_repr": "Expedition 3-CZ1005", "action_flag": 1, "change_message": "[{\"added\": {}}]"}}, {"model": "admin.logentry", "pk": 20, "fields": {"action_time": "2020-04-09T13:29:40.561Z", "user": 1, "content_type": 20, "object_id": "CZ2002", "object_repr": "Code:CZ2002-Name:OODP", "action_flag": 1, "change_message": "[{\"added\": {}}]"}}, {"model": "admin.logentry", "pk": 21, "fields": {"action_time": "2020-04-09T13:29:42.854Z", "user": 1, "content_type": 11, "object_id": "4", "object_repr": "Expedition 4-CZ2002", "action_flag": 1, "change_message": "[{\"added\": {}}]"}}, {"model": "admin.logentry", "pk": 22, "fields": {"action_time": "2020-04-09T13:29:56.691Z", "user": 1, "content_type": 20, "object_id": "CZ2001", "object_repr": "Code:CZ2001-Name:Algorithms", "action_flag": 1, "change_message": "[{\"added\": {}}]"}}, {"model": "admin.logentry", "pk": 23, "fields": {"action_time": "2020-04-09T13:29:57.724Z", "user": 1, "content_type": 11, "object_id": "5", "object_repr": "Expedition 5-CZ2001", "action_flag": 1, "change_message": "[{\"added\": {}}]"}}, {"model": "admin.logentry", "pk": 24, "fields": {"action_time": "2020-04-09T13:31:07.445Z", "user": 1, "content_type": 23, "object_id": "3", "object_repr": "CZ3003-Lv:1-Topic:Requirements for CZ3003 SSAD", "action_flag": 1, "change_message": "[{\"added\": {}}]"}}, {"model": "admin.logentry", "pk": 25, "fields": {"action_time": "2020-04-09T13:31:09.989Z", "user": 1, "content_type": 14, "object_id": "3", "object_repr": "Expedition:(Expedition 2-CZ3003) Section:(CZ3003-Lv:1-Topic:Requirements for CZ3003 SSAD)", "action_flag": 1, "change_message": "[{\"added\": {}}]"}}, {"model": "admin.logentry", "pk": 26, "fields": {"action_time": "2020-04-10T12:05:02.029Z", "user": 1, "content_type": 23, "object_id": "4", "object_repr": "CZ2006-Lv:3-Topic:Implementation", "action_flag": 1, "change_message": "[{\"added\": {}}]"}}, {"model": "admin.logentry", "pk": 27, "fields": {"action_time": "2020-04-10T12:08:55.946Z", "user": 1, "content_type": 23, "object_id": "5", "object_repr": "CZ2006-Lv:4-Topic:Testing", "action_flag": 1, "change_message": "[{\"added\": {}}]"}}, {"model": "admin.logentry", "pk": 28, "fields": {"action_time": "2020-04-10T12:09:28.270Z", "user": 1, "content_type": 23, "object_id": "6", "object_repr": "CZ2006-Lv:5-Topic:Maintenance", "action_flag": 1, "change_message": "[{\"added\": {}}]"}}, {"model": "admin.logentry", "pk": 29, "fields": {"action_time": "2020-04-10T12:09:32.219Z", "user": 1, "content_type": 11, "object_id": "1", "object_repr": "Expedition 1-CZ2006", "action_flag": 2, "change_message": "[{\"added\": {\"name\": \"world\", \"object\": \"Expedition:(Expedition 1-CZ2006) Section:(CZ2006-Lv:3-Topic:Implementation)\"}}, {\"added\": {\"name\": \"world\", \"object\": \"Expedition:(Expedition 1-CZ2006) Section:(CZ2006-Lv:4-Topic:Testing)\"}}, {\"added\": {\"name\": \"world\", \"object\": \"Expedition:(Expedition 1-CZ2006) Section:(CZ2006-Lv:5-Topic:Maintenance)\"}}]"}}, {"model": "admin.logentry", "pk": 30, "fields": {"action_time": "2020-04-10T12:11:57.945Z", "user": 1, "content_type": 23, "object_id": "7", "object_repr": "CZ2001-Lv:1-Topic:Intro to Algo", "action_flag": 1, "change_message": "[{\"added\": {}}]"}}, {"model": "admin.logentry", "pk": 31, "fields": {"action_time": "2020-04-10T12:12:01.585Z", "user": 1, "content_type": 11, "object_id": "5", "object_repr": "Expedition 5-CZ2001", "action_flag": 2, "change_message": "[{\"added\": {\"name\": \"world\", \"object\": \"Expedition:(Expedition 5-CZ2001) Section:(CZ2001-Lv:1-Topic:Intro to Algo)\"}}]"}}, {"model": "admin.logentry", "pk": 32, "fields": {"action_time": "2020-04-10T12:12:35.292Z", "user": 1, "content_type": 23, "object_id": "8", "object_repr": "CZ2006-Lv:6-Topic:Overview", "action_flag": 1, "change_message": "[{\"added\": {}}]"}}, {"model": "admin.logentry", "pk": 33, "fields": {"action_time": "2020-04-10T12:12:38.203Z", "user": 1, "content_type": 11, "object_id": "1", "object_repr": "Expedition 1-CZ2006", "action_flag": 2, "change_message": "[{\"added\": {\"name\": \"world\", \"object\": \"Expedition:(Expedition 1-CZ2006) Section:(CZ2006-Lv:6-Topic:Overview)\"}}]"}}, {"model": "admin.logentry", "pk": 34, "fields": {"action_time": "2020-04-10T12:16:19.510Z", "user": 1, "content_type": 23, "object_id": "9", "object_repr": "CZ2001-Lv:2-Topic:Analysis of Algorithms", "action_flag": 1, "change_message": "[{\"added\": {}}]"}}, {"model": "admin.logentry", "pk": 35, "fields": {"action_time": "2020-04-10T12:16:59.673Z", "user": 1, "content_type": 23, "object_id": "10", "object_repr": "CZ2001-Lv:3-Topic:Order of Growth", "action_flag": 1, "change_message": "[{\"added\": {}}]"}}, {"model": "admin.logentry", "pk": 36, "fields": {"action_time": "2020-04-10T12:17:49.608Z", "user": 1, "content_type": 23, "object_id": "11", "object_repr": "CZ2001-Lv:4-Topic:Space Complexity", "action_flag": 1, "change_message": "[{\"added\": {}}]"}}, {"model": "admin.logentry", "pk": 37, "fields": {"action_time": "2020-04-10T12:18:17.617Z", "user": 1, "content_type": 23, "object_id": "12", "object_repr": "CZ2001-Lv:5-Topic:Searching", "action_flag": 1, "change_message": "[{\"added\": {}}]"}}, {"model": "admin.logentry", "pk": 38, "fields": {"action_time": "2020-04-10T12:18:20.865Z", "user": 1, "content_type": 11, "object_id": "5", "object_repr": "Expedition 5-CZ2001", "action_flag": 2, "change_message": "[{\"added\": {\"name\": \"world\", \"object\": \"Expedition:(Expedition 5-CZ2001) Section:(CZ2001-Lv:2-Topic:Analysis of Algorithms)\"}}, {\"added\": {\"name\": \"world\", \"object\": \"Expedition:(Expedition 5-CZ2001) Section:(CZ2001-Lv:3-Topic:Order of Growth)\"}}, {\"added\": {\"name\": \"world\", \"object\": \"Expedition:(Expedition 5-CZ2001) Section:(CZ2001-Lv:4-Topic:Space Complexity)\"}}, {\"added\": {\"name\": \"world\", \"object\": \"Expedition:(Expedition 5-CZ2001) Section:(CZ2001-Lv:5-Topic:Searching)\"}}]"}}, {"model": "admin.logentry", "pk": 39, "fields": {"action_time": "2020-04-10T12:18:40.568Z", "user": 1, "content_type": 11, "object_id": "4", "object_repr": "Expedition 4-CZ2002", "action_flag": 3, "change_message": ""}}, {"model": "admin.logentry", "pk": 40, "fields": {"action_time": "2020-04-10T12:18:40.571Z", "user": 1, "content_type": 11, "object_id": "3", "object_repr": "Expedition 3-CZ1005", "action_flag": 3, "change_message": ""}}, {"model": "admin.logentry", "pk": 41, "fields": {"action_time": "2020-04-10T12:20:00.435Z", "user": 1, "content_type": 23, "object_id": "13", "object_repr": "CZ3003-Lv:2-Topic:Specification and Validation", "action_flag": 1, "change_message": "[{\"added\": {}}]"}}, {"model": "admin.logentry", "pk": 42, "fields": {"action_time": "2020-04-10T12:20:23.307Z", "user": 1, "content_type": 23, "object_id": "14", "object_repr": "CZ3003-Lv:3-Topic:Software Design", "action_flag": 1, "change_message": "[{\"added\": {}}]"}}, {"model": "admin.logentry", "pk": 43, "fields": {"action_time": "2020-04-10T12:20:48.633Z", "user": 1, "content_type": 23, "object_id": "15", "object_repr": "CZ3003-Lv:4-Topic:Software Quality Attributes", "action_flag": 1, "change_message": "[{\"added\": {}}]"}}, {"model": "admin.logentry", "pk": 44, "fields": {"action_time": "2020-04-10T12:21:09.728Z", "user": 1, "content_type": 23, "object_id": "16", "object_repr": "CZ3003-Lv:5-Topic:Software Architecture", "action_flag": 1, "change_message": "[{\"added\": {}}]"}}, {"model": "admin.logentry", "pk": 45, "fields": {"action_time": "2020-04-10T12:21:11.332Z", "user": 1, "content_type": 11, "object_id": "2", "object_repr": "Expedition 2-CZ3003", "action_flag": 2, "change_message": "[{\"added\": {\"name\": \"world\", \"object\": \"Expedition:(Expedition 2-CZ3003) Section:(CZ3003-Lv:2-Topic:Specification and Validation)\"}}, {\"added\": {\"name\": \"world\", \"object\": \"Expedition:(Expedition 2-CZ3003) Section:(CZ3003-Lv:3-Topic:Software Design)\"}}, {\"added\": {\"name\": \"world\", \"object\": \"Expedition:(Expedition 2-CZ3003) Section:(CZ3003-Lv:4-Topic:Software Quality Attributes)\"}}, {\"added\": {\"name\": \"world\", \"object\": \"Expedition:(Expedition 2-CZ3003) Section:(CZ3003-Lv:5-Topic:Software Architecture)\"}}]"}}, {"model": "admin.logentry", "pk": 46, "fields": {"action_time": "2020-04-12T12:45:14.695Z", "user": 1, "content_type": 22, "object_id": "1", "object_repr": "ID:1-Name:For NPC 1", "action_flag": 2, "change_message": "[{\"changed\": {\"fields\": [\"questions\"]}}]"}}, {"model": "admin.logentry", "pk": 47, "fields": {"action_time": "2020-04-12T13:25:13.431Z", "user": 1, "content_type": 21, "object_id": "2", "object_repr": "ID:2-Sect:(CZ2006-Lv:1-Topic:Requirements)-Question:Question for NPC 1", "action_flag": 1, "change_message": "[{\"added\": {}}]"}}, {"model": "admin.logentry", "pk": 48, "fields": {"action_time": "2020-04-12T13:26:57.040Z", "user": 1, "content_type": 21, "object_id": "3", "object_repr": "ID:3-Sect:(CZ2006-Lv:1-Topic:Requirements)-Question:Question not for NPC 1", "action_flag": 1, "change_message": "[{\"added\": {}}]"}}, {"model": "admin.logentry", "pk": 49, "fields": {"action_time": "2020-04-12T13:27:05.429Z", "user": 1, "content_type": 22, "object_id": "1", "object_repr": "ID:1-Name:For NPC 1", "action_flag": 2, "change_message": "[{\"added\": {\"name\": \"questionbank-question relationship\", \"object\": \"QuestionBank_questions object (2)\"}}]"}}, {"model": "admin.logentry", "pk": 50, "fields": {"action_time": "2020-04-12T13:27:20.326Z", "user": 1, "content_type": 22, "object_id": "1", "object_repr": "ID:1-Name:For NPC 1", "action_flag": 2, "change_message": "[{\"added\": {\"name\": \"questionbank-question relationship\", \"object\": \"QuestionBank_questions object (3)\"}}]"}}, {"model": "admin.logentry", "pk": 51, "fields": {"action_time": "2020-04-14T13:37:57.421Z", "user": 1, "content_type": 22, "object_id": "3", "object_repr": "ID:3-Name:For NPC 2", "action_flag": 1, "change_message": "[{\"added\": {}}]"}}, {"model": "admin.logentry", "pk": 52, "fields": {"action_time": "2020-04-14T13:38:22.483Z", "user": 1, "content_type": 22, "object_id": "4", "object_repr": "ID:4-Name:Question Bank 3", "action_flag": 1, "change_message": "[{\"added\": {}}]"}}, {"model": "admin.logentry", "pk": 53, "fields": {"action_time": "2020-04-14T13:38:25.598Z", "user": 1, "content_type": 14, "object_id": "1", "object_repr": "Expedition:(Expedition 1-CZ2006) Section:(CZ2006-Lv:1-Topic:Requirements)", "action_flag": 2, "change_message": "[{\"added\": {\"name\": \"npc\", \"object\": \"NPC:2-World:(Expedition:(Expedition 1-CZ2006) Section:(CZ2006-Lv:1-Topic:Requirements))\"}}, {\"added\": {\"name\": \"npc\", \"object\": \"NPC:3-World:(Expedition:(Expedition 1-CZ2006) Section:(CZ2006-Lv:1-Topic:Requirements))\"}}]"}}, {"model": "admin.logentry", "pk": 54, "fields": {"action_time": "2020-04-15T17:24:45.778Z", "user": 1, "content_type": 4, "object_id": "6", "object_repr": "test", "action_flag": 1, "change_message": "[{\"added\": {}}]"}}, {"model": "admin.logentry", "pk": 55, "fields": {"action_time": "2020-04-15T17:27:41.884Z", "user": 1, "content_type": 4, "object_id": "7", "object_repr": "test1", "action_flag": 1, "change_message": "[{\"added\": {}}]"}}, {"model": "admin.logentry", "pk": 56, "fields": {"action_time": "2020-04-15T17:27:53.191Z", "user": 1, "content_type": 4, "object_id": "8", "object_repr": "test2", "action_flag": 1, "change_message": "[{\"added\": {}}]"}}, {"model": "admin.logentry", "pk": 57, "fields": {"action_time": "2020-04-15T17:27:59.613Z", "user": 1, "content_type": 4, "object_id": "9", "object_repr": "test3", "action_flag": 1, "change_message": "[{\"added\": {}}]"}}, {"model": "admin.logentry", "pk": 58, "fields": {"action_time": "2020-04-15T17:28:06.393Z", "user": 1, "content_type": 4, "object_id": "10", "object_repr": "test4", "action_flag": 1, "change_message": "[{\"added\": {}}]"}}, {"model": "admin.logentry", "pk": 59, "fields": {"action_time": "2020-04-15T17:28:12.856Z", "user": 1, "content_type": 4, "object_id": "11", "object_repr": "test5", "action_flag": 1, "change_message": "[{\"added\": {}}]"}}, {"model": "admin.logentry", "pk": 60, "fields": {"action_time": "2020-04-15T17:28:19.299Z", "user": 1, "content_type": 4, "object_id": "12", "object_repr": "test6", "action_flag": 1, "change_message": "[{\"added\": {}}]"}}, {"model": "admin.logentry", "pk": 61, "fields": {"action_time": "2020-04-15T17:28:26.139Z", "user": 1, "content_type": 4, "object_id": "13", "object_repr": "test7", "action_flag": 1, "change_message": "[{\"added\": {}}]"}}, {"model": "admin.logentry", "pk": 62, "fields": {"action_time": "2020-04-15T17:28:34.384Z", "user": 1, "content_type": 4, "object_id": "14", "object_repr": "test8", "action_flag": 1, "change_message": "[{\"added\": {}}]"}}, {"model": "admin.logentry", "pk": 63, "fields": {"action_time": "2020-04-15T17:28:41.844Z", "user": 1, "content_type": 4, "object_id": "15", "object_repr": "test9", "action_flag": 1, "change_message": "[{\"added\": {}}]"}}, {"model": "admin.logentry", "pk": 64, "fields": {"action_time": "2020-04-15T17:28:49.329Z", "user": 1, "content_type": 4, "object_id": "16", "object_repr": "test10", "action_flag": 1, "change_message": "[{\"added\": {}}]"}}, {"model": "admin.logentry", "pk": 65, "fields": {"action_time": "2020-04-16T14:51:39.233Z", "user": 1, "content_type": 20, "object_id": "CZ3003", "object_repr": "Code:CZ3003-Name:SSAD", "action_flag": 3, "change_message": ""}}, {"model": "admin.logentry", "pk": 66, "fields": {"action_time": "2020-04-16T14:51:39.254Z", "user": 1, "content_type": 20, "object_id": "CZ2006", "object_repr": "Code:CZ2006-Name:Software Engineering", "action_flag": 3, "change_message": ""}}, {"model": "admin.logentry", "pk": 67, "fields": {"action_time": "2020-04-16T14:51:39.257Z", "user": 1, "content_type": 20, "object_id": "CZ2002", "object_repr": "Code:CZ2002-Name:OODP", "action_flag": 3, "change_message": ""}}, {"model": "admin.logentry", "pk": 68, "fields": {"action_time": "2020-04-16T14:51:39.260Z", "user": 1, "content_type": 20, "object_id": "CZ2001", "object_repr": "Code:CZ2001-Name:Algorithms", "action_flag": 3, "change_message": ""}}, {"model": "admin.logentry", "pk": 69, "fields": {"action_time": "2020-04-16T14:51:39.264Z", "user": 1, "content_type": 20, "object_id": "CZ1005", "object_repr": "Code:CZ1005-Name:Digital Logic", "action_flag": 3, "change_message": ""}}, {"model": "admin.logentry", "pk": 70, "fields": {"action_time": "2020-04-16T14:51:56.544Z", "user": 1, "content_type": 22, "object_id": "4", "object_repr": "ID:4-Name:Question Bank 3", "action_flag": 3, "change_message": ""}}, {"model": "admin.logentry", "pk": 71, "fields": {"action_time": "2020-04-16T14:51:56.552Z", "user": 1, "content_type": 22, "object_id": "3", "object_repr": "ID:3-Name:For NPC 2", "action_flag": 3, "change_message": ""}}, {"model": "admin.logentry", "pk": 72, "fields": {"action_time": "2020-04-16T14:51:56.555Z", "user": 1, "content_type": 22, "object_id": "1", "object_repr": "ID:1-Name:For NPC 1", "action_flag": 3, "change_message": ""}}, {"model": "admin.logentry", "pk": 73, "fields": {"action_time": "2020-04-16T15:02:57.827Z", "user": 1, "content_type": 20, "object_id": "CZ2006", "object_repr": "Code:CZ2006-Name:Software Engineering", "action_flag": 1, "change_message": "[{\"added\": {}}]"}}, {"model": "admin.logentry", "pk": 74, "fields": {"action_time": "2020-04-16T15:03:50.955Z", "user": 1, "content_type": 20, "object_id": "CZ1007", "object_repr": "Code:CZ1007-Name:Data Structures", "action_flag": 1, "change_message": "[{\"added\": {}}]"}}, {"model": "admin.logentry", "pk": 75, "fields": {"action_time": "2020-04-16T15:10:14.442Z", "user": 1, "content_type": 23, "object_id": "17", "object_repr": "CZ2006-Lv:1-Topic:Requirement Engineering", "action_flag": 1, "change_message": "[{\"added\": {}}]"}}, {"model": "admin.logentry", "pk": 76, "fields": {"action_time": "2020-04-16T15:10:30.837Z", "user": 1, "content_type": 23, "object_id": "18", "object_repr": "CZ2006-Lv:2-Topic:System Modelling", "action_flag": 1, "change_message": "[{\"added\": {}}]"}}, {"model": "admin.logentry", "pk": 77, "fields": {"action_time": "2020-04-16T15:10:46.233Z", "user": 1, "content_type": 23, "object_id": "19", "object_repr": "CZ2006-Lv:3-Topic:Software Design", "action_flag": 1, "change_message": "[{\"added\": {}}]"}}, {"model": "admin.logentry", "pk": 78, "fields": {"action_time": "2020-04-16T15:11:01.401Z", "user": 1, "content_type": 23, "object_id": "20", "object_repr": "CZ2006-Lv:4-Topic:Architectural Design", "action_flag": 1, "change_message": "[{\"added\": {}}]"}}, {"model": "admin.logentry", "pk": 79, "fields": {"action_time": "2020-04-16T15:11:15.718Z", "user": 1, "content_type": 23, "object_id": "21", "object_repr": "CZ2006-Lv:5-Topic:Software Testing", "action_flag": 1, "change_message": "[{\"added\": {}}]"}}, {"model": "admin.logentry", "pk": 80, "fields": {"action_time": "2020-04-16T15:11:46.776Z", "user": 1, "content_type": 23, "object_id": "22", "object_repr": "CZ1007-Lv:1-Topic:Stacks", "action_flag": 1, "change_message": "[{\"added\": {}}]"}}, {"model": "admin.logentry", "pk": 81, "fields": {"action_time": "2020-04-16T15:11:59.508Z", "user": 1, "content_type": 23, "object_id": "23", "object_repr": "CZ1007-Lv:2-Topic:Arrays Types", "action_flag": 1, "change_message": "[{\"added\": {}}]"}}, {"model": "admin.logentry", "pk": 82, "fields": {"action_time": "2020-04-16T15:12:11.732Z", "user": 1, "content_type": 23, "object_id": "24", "object_repr": "CZ1007-Lv:3-Topic:Trees", "action_flag": 1, "change_message": "[{\"added\": {}}]"}}, {"model": "admin.logentry", "pk": 83, "fields": {"action_time": "2020-04-16T15:12:30.348Z", "user": 1, "content_type": 23, "object_id": "25", "object_repr": "CZ1007-Lv:4-Topic:Heap", "action_flag": 1, "change_message": "[{\"added\": {}}]"}}, {"model": "admin.logentry", "pk": 84, "fields": {"action_time": "2020-04-16T15:12:43.347Z", "user": 1, "content_type": 23, "object_id": "26", "object_repr": "CZ1007-Lv:5-Topic:Hash Tables", "action_flag": 1, "change_message": "[{\"added\": {}}]"}}, {"model": "admin.logentry", "pk": 85, "fields": {"action_time": "2020-04-16T15:12:56.201Z", "user": 1, "content_type": 23, "object_id": "27", "object_repr": "CZ1007-Lv:6-Topic:Graph", "action_flag": 1, "change_message": "[{\"added\": {}}]"}}, {"model": "admin.logentry", "pk": 108, "fields": {"action_time": "2020-04-16T19:38:26.522Z", "user": 1, "content_type": 21, "object_id": "4", "object_repr": "ID:4-Sect:(CZ2006-Lv:1-Topic:Requirement Engineering)-Question:first question", "action_flag": 1, "change_message": "[{\"added\": {}}]"}}, {"model": "admin.logentry", "pk": 109, "fields": {"action_time": "2020-04-16T19:45:27.675Z", "user": 1, "content_type": 21, "object_id": "4", "object_repr": "Sect:(CZ2006-Lv:1-Topic:Requirement Engineering)-ID:4-Question:first question", "action_flag": 3, "change_message": ""}}, {"model": "admin.logentry", "pk": 110, "fields": {"action_time": "2020-04-16T19:50:35.225Z", "user": 1, "content_type": 21, "object_id": "5", "object_repr": "Sect:(CZ2006-Lv:1-Topic:Requirement Engineering)-ID:5-Question:1", "action_flag": 1, "change_message": "[{\"added\": {}}]"}}, {"model": "admin.logentry", "pk": 111, "fields": {"action_time": "2020-04-16T19:51:27.349Z", "user": 1, "content_type": 21, "object_id": "6", "object_repr": "Sect:(CZ2006-Lv:1-Topic:Requirement Engineering)-ID:6-Question:2", "action_flag": 1, "change_message": "[{\"added\": {}}]"}}, {"model": "admin.logentry", "pk": 112, "fields": {"action_time": "2020-04-16T19:51:48.239Z", "user": 1, "content_type": 21, "object_id": "7", "object_repr": "Sect:(CZ2006-Lv:1-Topic:Requirement Engineering)-ID:7-Question:3", "action_flag": 1, "change_message": "[{\"added\": {}}]"}}, {"model": "admin.logentry", "pk": 113, "fields": {"action_time": "2020-04-16T19:52:11.430Z", "user": 1, "content_type": 21, "object_id": "8", "object_repr": "Sect:(CZ2006-Lv:1-Topic:Requirement Engineering)-ID:8-Question:4", "action_flag": 1, "change_message": "[{\"added\": {}}]"}}, {"model": "admin.logentry", "pk": 114, "fields": {"action_time": "2020-04-16T19:52:53.814Z", "user": 1, "content_type": 21, "object_id": "9", "object_repr": "Sect:(CZ2006-Lv:1-Topic:Requirement Engineering)-ID:9-Question:5", "action_flag": 1, "change_message": "[{\"added\": {}}]"}}, {"model": "admin.logentry", "pk": 115, "fields": {"action_time": "2020-04-16T19:53:32.266Z", "user": 1, "content_type": 21, "object_id": "10", "object_repr": "Sect:(CZ2006-Lv:1-Topic:Requirement Engineering)-ID:10-Question:6", "action_flag": 1, "change_message": "[{\"added\": {}}]"}}, {"model": "admin.logentry", "pk": 116, "fields": {"action_time": "2020-04-16T19:53:57.919Z", "user": 1, "content_type": 21, "object_id": "11", "object_repr": "Sect:(CZ2006-Lv:1-Topic:Requirement Engineering)-ID:11-Question:7", "action_flag": 1, "change_message": "[{\"added\": {}}]"}}, {"model": "admin.logentry", "pk": 117, "fields": {"action_time": "2020-04-16T19:54:42.918Z", "user": 1, "content_type": 21, "object_id": "12", "object_repr": "Sect:(CZ2006-Lv:1-Topic:Requirement Engineering)-ID:12-Question:8", "action_flag": 1, "change_message": "[{\"added\": {}}]"}}, {"model": "admin.logentry", "pk": 118, "fields": {"action_time": "2020-04-16T19:55:17.626Z", "user": 1, "content_type": 21, "object_id": "13", "object_repr": "Sect:(CZ2006-Lv:1-Topic:Requirement Engineering)-ID:13-Question:9", "action_flag": 1, "change_message": "[{\"added\": {}}]"}}, {"model": "admin.logentry", "pk": 119, "fields": {"action_time": "2020-04-16T19:55:47.063Z", "user": 1, "content_type": 21, "object_id": "14", "object_repr": "Sect:(CZ2006-Lv:1-Topic:Requirement Engineering)-ID:14-Question:10", "action_flag": 1, "change_message": "[{\"added\": {}}]"}}, {"model": "admin.logentry", "pk": 120, "fields": {"action_time": "2020-04-16T19:56:10.713Z", "user": 1, "content_type": 21, "object_id": "15", "object_repr": "Sect:(CZ2006-Lv:1-Topic:Requirement Engineering)-ID:15-Question:11", "action_flag": 1, "change_message": "[{\"added\": {}}]"}}, {"model": "admin.logentry", "pk": 121, "fields": {"action_time": "2020-04-16T19:56:26.214Z", "user": 1, "content_type": 21, "object_id": "16", "object_repr": "Sect:(CZ2006-Lv:1-Topic:Requirement Engineering)-ID:16-Question:12", "action_flag": 1, "change_message": "[{\"added\": {}}]"}}, {"model": "admin.logentry", "pk": 122, "fields": {"action_time": "2020-04-16T19:56:55.868Z", "user": 1, "content_type": 21, "object_id": "17", "object_repr": "Sect:(CZ2006-Lv:1-Topic:Requirement Engineering)-ID:17-Question:13", "action_flag": 1, "change_message": "[{\"added\": {}}]"}}, {"model": "admin.logentry", "pk": 123, "fields": {"action_time": "2020-04-16T19:57:18.122Z", "user": 1, "content_type": 21, "object_id": "18", "object_repr": "Sect:(CZ2006-Lv:1-Topic:Requirement Engineering)-ID:18-Question:14", "action_flag": 1, "change_message": "[{\"added\": {}}]"}}, {"model": "admin.logentry", "pk": 124, "fields": {"action_time": "2020-04-16T19:57:51.770Z", "user": 1, "content_type": 21, "object_id": "19", "object_repr": "Sect:(CZ2006-Lv:1-Topic:Requirement Engineering)-ID:19-Question:15", "action_flag": 1, "change_message": "[{\"added\": {}}]"}}, {"model": "admin.logentry", "pk": 125, "fields": {"action_time": "2020-04-16T19:58:33.215Z", "user": 1, "content_type": 21, "object_id": "20", "object_repr": "Sect:(CZ2006-Lv:2-Topic:System Modelling)-ID:20-Question:1", "action_flag": 1, "change_message": "[{\"added\": {}}]"}}, {"model": "admin.logentry", "pk": 126, "fields": {"action_time": "2020-04-16T19:58:58.217Z", "user": 1, "content_type": 21, "object_id": "21", "object_repr": "Sect:(CZ2006-Lv:2-Topic:System Modelling)-ID:21-Question:2", "action_flag": 1, "change_message": "[{\"added\": {}}]"}}, {"model": "admin.logentry", "pk": 127, "fields": {"action_time": "2020-04-16T19:59:20.481Z", "user": 1, "content_type": 21, "object_id": "22", "object_repr": "Sect:(CZ2006-Lv:2-Topic:System Modelling)-ID:22-Question:3", "action_flag": 1, "change_message": "[{\"added\": {}}]"}}, {"model": "admin.logentry", "pk": 128, "fields": {"action_time": "2020-04-16T19:59:43.574Z", "user": 1, "content_type": 21, "object_id": "23", "object_repr": "Sect:(CZ2006-Lv:2-Topic:System Modelling)-ID:23-Question:4", "action_flag": 1, "change_message": "[{\"added\": {}}]"}}, {"model": "admin.logentry", "pk": 129, "fields": {"action_time": "2020-04-16T20:00:06.401Z", "user": 1, "content_type": 21, "object_id": "24", "object_repr": "Sect:(CZ2006-Lv:2-Topic:System Modelling)-ID:24-Question:5", "action_flag": 1, "change_message": "[{\"added\": {}}]"}}, {"model": "admin.logentry", "pk": 130, "fields": {"action_time": "2020-04-16T20:00:44.383Z", "user": 1, "content_type": 21, "object_id": "25", "object_repr": "Sect:(CZ2006-Lv:2-Topic:System Modelling)-ID:25-Question:6", "action_flag": 1, "change_message": "[{\"added\": {}}]"}}, {"model": "admin.logentry", "pk": 131, "fields": {"action_time": "2020-04-16T20:01:07.672Z", "user": 1, "content_type": 21, "object_id": "26", "object_repr": "Sect:(CZ2006-Lv:2-Topic:System Modelling)-ID:26-Question:7", "action_flag": 1, "change_message": "[{\"added\": {}}]"}}, {"model": "admin.logentry", "pk": 132, "fields": {"action_time": "2020-04-16T20:01:30.786Z", "user": 1, "content_type": 21, "object_id": "27", "object_repr": "Sect:(CZ2006-Lv:2-Topic:System Modelling)-ID:27-Question:8", "action_flag": 1, "change_message": "[{\"added\": {}}]"}}, {"model": "admin.logentry", "pk": 133, "fields": {"action_time": "2020-04-16T20:01:55.185Z", "user": 1, "content_type": 21, "object_id": "28", "object_repr": "Sect:(CZ2006-Lv:2-Topic:System Modelling)-ID:28-Question:9", "action_flag": 1, "change_message": "[{\"added\": {}}]"}}, {"model": "admin.logentry", "pk": 134, "fields": {"action_time": "2020-04-16T20:02:21.259Z", "user": 1, "content_type": 21, "object_id": "29", "object_repr": "Sect:(CZ2006-Lv:2-Topic:System Modelling)-ID:29-Question:10", "action_flag": 1, "change_message": "[{\"added\": {}}]"}}, {"model": "admin.logentry", "pk": 135, "fields": {"action_time": "2020-04-16T20:02:52.753Z", "user": 1, "content_type": 21, "object_id": "30", "object_repr": "Sect:(CZ2006-Lv:3-Topic:Software Design)-ID:30-Question:1", "action_flag": 1, "change_message": "[{\"added\": {}}]"}}, {"model": "admin.logentry", "pk": 136, "fields": {"action_time": "2020-04-16T20:03:21.412Z", "user": 1, "content_type": 21, "object_id": "31", "object_repr": "Sect:(CZ2006-Lv:3-Topic:Software Design)-ID:31-Question:2", "action_flag": 1, "change_message": "[{\"added\": {}}]"}}, {"model": "admin.logentry", "pk": 137, "fields": {"action_time": "2020-04-16T20:03:50.042Z", "user": 1, "content_type": 21, "object_id": "32", "object_repr": "Sect:(CZ2006-Lv:3-Topic:Software Design)-ID:32-Question:3", "action_flag": 1, "change_message": "[{\"added\": {}}]"}}, {"model": "admin.logentry", "pk": 138, "fields": {"action_time": "2020-04-16T20:04:12.710Z", "user": 1, "content_type": 21, "object_id": "33", "object_repr": "Sect:(CZ2006-Lv:3-Topic:Software Design)-ID:33-Question:4", "action_flag": 1, "change_message": "[{\"added\": {}}]"}}, {"model": "admin.logentry", "pk": 139, "fields": {"action_time": "2020-04-16T20:04:36.018Z", "user": 1, "content_type": 21, "object_id": "34", "object_repr": "Sect:(CZ2006-Lv:3-Topic:Software Design)-ID:34-Question:5", "action_flag": 1, "change_message": "[{\"added\": {}}]"}}, {"model": "admin.logentry", "pk": 140, "fields": {"action_time": "2020-04-16T20:05:13.008Z", "user": 1, "content_type": 21, "object_id": "35", "object_repr": "Sect:(CZ2006-Lv:3-Topic:Software Design)-ID:35-Question:6", "action_flag": 1, "change_message": "[{\"added\": {}}]"}}, {"model": "admin.logentry", "pk": 141, "fields": {"action_time": "2020-04-16T20:05:38.164Z", "user": 1, "content_type": 21, "object_id": "36", "object_repr": "Sect:(CZ2006-Lv:3-Topic:Software Design)-ID:36-Question:7", "action_flag": 1, "change_message": "[{\"added\": {}}]"}}, {"model": "admin.logentry", "pk": 142, "fields": {"action_time": "2020-04-16T20:06:08.470Z", "user": 1, "content_type": 21, "object_id": "37", "object_repr": "Sect:(CZ2006-Lv:3-Topic:Software Design)-ID:37-Question:8", "action_flag": 1, "change_message": "[{\"added\": {}}]"}}, {"model": "admin.logentry", "pk": 143, "fields": {"action_time": "2020-04-16T20:06:28.495Z", "user": 1, "content_type": 21, "object_id": "38", "object_repr": "Sect:(CZ2006-Lv:3-Topic:Software Design)-ID:38-Question:9", "action_flag": 1, "change_message": "[{\"added\": {}}]"}}, {"model": "admin.logentry", "pk": 144, "fields": {"action_time": "2020-04-16T20:06:50.838Z", "user": 1, "content_type": 21, "object_id": "39", "object_repr": "Sect:(CZ2006-Lv:3-Topic:Software Design)-ID:39-Question:10", "action_flag": 1, "change_message": "[{\"added\": {}}]"}}, {"model": "admin.logentry", "pk": 145, "fields": {"action_time": "2020-04-16T20:07:14.168Z", "user": 1, "content_type": 21, "object_id": "40", "object_repr": "Sect:(CZ2006-Lv:4-Topic:Architectural Design)-ID:40-Question:1", "action_flag": 1, "change_message": "[{\"added\": {}}]"}}, {"model": "admin.logentry", "pk": 146, "fields": {"action_time": "2020-04-16T20:07:38.346Z", "user": 1, "content_type": 21, "object_id": "41", "object_repr": "Sect:(CZ2006-Lv:4-Topic:Architectural Design)-ID:41-Question:2", "action_flag": 1, "change_message": "[{\"added\": {}}]"}}, {"model": "admin.logentry", "pk": 147, "fields": {"action_time": "2020-04-16T20:08:03.626Z", "user": 1, "content_type": 21, "object_id": "42", "object_repr": "Sect:(CZ2006-Lv:4-Topic:Architectural Design)-ID:42-Question:5", "action_flag": 1, "change_message": "[{\"added\": {}}]"}}, {"model": "admin.logentry", "pk": 148, "fields": {"action_time": "2020-04-16T20:08:34.692Z", "user": 1, "content_type": 21, "object_id": "43", "object_repr": "Sect:(CZ2006-Lv:4-Topic:Architectural Design)-ID:43-Question:6", "action_flag": 1, "change_message": "[{\"added\": {}}]"}}, {"model": "admin.logentry", "pk": 149, "fields": {"action_time": "2020-04-16T20:08:55.944Z", "user": 1, "content_type": 21, "object_id": "44", "object_repr": "Sect:(CZ2006-Lv:4-Topic:Architectural Design)-ID:44-Question:7", "action_flag": 1, "change_message": "[{\"added\": {}}]"}}, {"model": "admin.logentry", "pk": 150, "fields": {"action_time": "2020-04-16T20:09:20.312Z", "user": 1, "content_type": 21, "object_id": "45", "object_repr": "Sect:(CZ2006-Lv:4-Topic:Architectural Design)-ID:45-Question:8", "action_flag": 1, "change_message": "[{\"added\": {}}]"}}, {"model": "admin.logentry", "pk": 151, "fields": {"action_time": "2020-04-16T20:09:46.162Z", "user": 1, "content_type": 21, "object_id": "46", "object_repr": "Sect:(CZ2006-Lv:4-Topic:Architectural Design)-ID:46-Question:9", "action_flag": 1, "change_message": "[{\"added\": {}}]"}}, {"model": "admin.logentry", "pk": 152, "fields": {"action_time": "2020-04-16T20:10:29.356Z", "user": 1, "content_type": 21, "object_id": "47", "object_repr": "Sect:(CZ2006-Lv:4-Topic:Architectural Design)-ID:47-Question:10", "action_flag": 1, "change_message": "[{\"added\": {}}]"}}, {"model": "admin.logentry", "pk": 153, "fields": {"action_time": "2020-04-16T20:10:58.267Z", "user": 1, "content_type": 21, "object_id": "48", "object_repr": "Sect:(CZ2006-Lv:5-Topic:Software Testing)-ID:48-Question:1", "action_flag": 1, "change_message": "[{\"added\": {}}]"}}, {"model": "admin.logentry", "pk": 154, "fields": {"action_time": "2020-04-16T20:11:19.447Z", "user": 1, "content_type": 21, "object_id": "49", "object_repr": "Sect:(CZ2006-Lv:5-Topic:Software Testing)-ID:49-Question:2", "action_flag": 1, "change_message": "[{\"added\": {}}]"}}, {"model": "admin.logentry", "pk": 155, "fields": {"action_time": "2020-04-16T20:11:43.589Z", "user": 1, "content_type": 21, "object_id": "50", "object_repr": "Sect:(CZ2006-Lv:5-Topic:Software Testing)-ID:50-Question:3", "action_flag": 1, "change_message": "[{\"added\": {}}]"}}, {"model": "admin.logentry", "pk": 156, "fields": {"action_time": "2020-04-16T20:12:09.667Z", "user": 1, "content_type": 21, "object_id": "51", "object_repr": "Sect:(CZ2006-Lv:5-Topic:Software Testing)-ID:51-Question:4", "action_flag": 1, "change_message": "[{\"added\": {}}]"}}, {"model": "admin.logentry", "pk": 157, "fields": {"action_time": "2020-04-16T20:12:36.344Z", "user": 1, "content_type": 21, "object_id": "52", "object_repr": "Sect:(CZ2006-Lv:5-Topic:Software Testing)-ID:52-Question:5", "action_flag": 1, "change_message": "[{\"added\": {}}]"}}, {"model": "admin.logentry", "pk": 158, "fields": {"action_time": "2020-04-16T20:13:07.813Z", "user": 1, "content_type": 21, "object_id": "53", "object_repr": "Sect:(CZ2006-Lv:5-Topic:Software Testing)-ID:53-Question:6", "action_flag": 1, "change_message": "[{\"added\": {}}]"}}, {"model": "admin.logentry", "pk": 159, "fields": {"action_time": "2020-04-16T20:13:28.731Z", "user": 1, "content_type": 21, "object_id": "54", "object_repr": "Sect:(CZ2006-Lv:5-Topic:Software Testing)-ID:54-Question:7", "action_flag": 1, "change_message": "[{\"added\": {}}]"}}, {"model": "admin.logentry", "pk": 160, "fields": {"action_time": "2020-04-16T20:13:58.549Z", "user": 1, "content_type": 21, "object_id": "55", "object_repr": "Sect:(CZ2006-Lv:5-Topic:Software Testing)-ID:55-Question:8", "action_flag": 1, "change_message": "[{\"added\": {}}]"}}, {"model": "admin.logentry", "pk": 161, "fields": {"action_time": "2020-04-16T20:14:22.574Z", "user": 1, "content_type": 21, "object_id": "56", "object_repr": "Sect:(CZ2006-Lv:5-Topic:Software Testing)-ID:56-Question:9", "action_flag": 1, "change_message": "[{\"added\": {}}]"}}, {"model": "admin.logentry", "pk": 162, "fields": {"action_time": "2020-04-16T20:14:46.733Z", "user": 1, "content_type": 21, "object_id": "57", "object_repr": "Sect:(CZ2006-Lv:5-Topic:Software Testing)-ID:57-Question:10", "action_flag": 1, "change_message": "[{\"added\": {}}]"}}, {"model": "admin.logentry", "pk": 163, "fields": {"action_time": "2020-04-16T20:15:47.421Z", "user": 1, "content_type": 11, "object_id": "6", "object_repr": "Expedition 6-CZ2006", "action_flag": 1, "change_message": "[{\"added\": {}}, {\"added\": {\"name\": \"world\", \"object\": \"Expedition:(Expedition 6-CZ2006) Section:(CZ2006-Lv:1-Topic:Requirement Engineering)\"}}, {\"added\": {\"name\": \"world\", \"object\": \"Expedition:(Expedition 6-CZ2006) Section:(CZ2006-Lv:2-Topic:System Modelling)\"}}, {\"added\": {\"name\": \"world\", \"object\": \"Expedition:(Expedition 6-CZ2006) Section:(CZ2006-Lv:3-Topic:Software Design)\"}}, {\"added\": {\"name\": \"world\", \"object\": \"Expedition:(Expedition 6-CZ2006) Section:(CZ2006-Lv:4-Topic:Architectural Design)\"}}, {\"added\": {\"name\": \"world\", \"object\": \"Expedition:(Expedition 6-CZ2006) Section:(CZ2006-Lv:5-Topic:Software Testing)\"}}]"}}, {"model": "admin.logentry", "pk": 164, "fields": {"action_time": "2020-04-16T20:16:30.192Z", "user": 1, "content_type": 11, "object_id": "7", "object_repr": "Expedition 7-CZ1007", "action_flag": 1, "change_message": "[{\"added\": {}}, {\"added\": {\"name\": \"world\", \"object\": \"Expedition:(Expedition 7-CZ1007) Section:(CZ1007-Lv:1-Topic:Stacks)\"}}, {\"added\": {\"name\": \"world\", \"object\": \"Expedition:(Expedition 7-CZ1007) Section:(CZ1007-Lv:2-Topic:Arrays Types)\"}}, {\"added\": {\"name\": \"world\", \"object\": \"Expedition:(Expedition 7-CZ1007) Section:(CZ1007-Lv:3-Topic:Trees)\"}}, {\"added\": {\"name\": \"world\", \"object\": \"Expedition:(Expedition 7-CZ1007) Section:(CZ1007-Lv:4-Topic:Heap)\"}}, {\"added\": {\"name\": \"world\", \"object\": \"Expedition:(Expedition 7-CZ1007) Section:(CZ1007-Lv:5-Topic:Hash Tables)\"}}, {\"added\": {\"name\": \"world\", \"object\": \"Expedition:(Expedition 7-CZ1007) Section:(CZ1007-Lv:6-Topic:Graph)\"}}]"}}, {"model": "admin.logentry", "pk": 165, "fields": {"action_time": "2020-04-16T20:19:06.850Z", "user": 1, "content_type": 13, "object_id": "1", "object_repr": "HP:100-Attack:50-Type:1", "action_flag": 3, "change_message": ""}}, {"model": "admin.logentry", "pk": 166, "fields": {"action_time": "2020-04-16T20:20:41.402Z", "user": 1, "content_type": 13, "object_id": "2", "object_repr": "HP:100-Attack:10-Type:1", "action_flag": 1, "change_message": "[{\"added\": {}}]"}}, {"model": "admin.logentry", "pk": 167, "fields": {"action_time": "2020-04-16T20:20:57.153Z", "user": 1, "content_type": 13, "object_id": "3", "object_repr": "HP:100-Attack:10-Type:2", "action_flag": 1, "change_message": "[{\"added\": {}}]"}}, {"model": "admin.logentry", "pk": 168, "fields": {"action_time": "2020-04-16T20:21:05.119Z", "user": 1, "content_type": 13, "object_id": "4", "object_repr": "HP:100-Attack:10-Type:3", "action_flag": 1, "change_message": "[{\"added\": {}}]"}}, {"model": "admin.logentry", "pk": 169, "fields": {"action_time": "2020-04-16T20:21:21.497Z", "user": 1, "content_type": 13, "object_id": "5", "object_repr": "HP:100-Attack:15-Type:1", "action_flag": 1, "change_message": "[{\"added\": {}}]"}}, {"model": "admin.logentry", "pk": 170, "fields": {"action_time": "2020-04-16T20:21:26.510Z", "user": 1, "content_type": 13, "object_id": "6", "object_repr": "HP:100-Attack:15-Type:2", "action_flag": 1, "change_message": "[{\"added\": {}}]"}}, {"model": "admin.logentry", "pk": 171, "fields": {"action_time": "2020-04-16T20:21:32.249Z", "user": 1, "content_type": 13, "object_id": "7", "object_repr": "HP:100-Attack:15-Type:3", "action_flag": 1, "change_message": "[{\"added\": {}}]"}}, {"model": "admin.logentry", "pk": 172, "fields": {"action_time": "2020-04-16T20:21:38.782Z", "user": 1, "content_type": 13, "object_id": "8", "object_repr": "HP:100-Attack:20-Type:1", "action_flag": 1, "change_message": "[{\"added\": {}}]"}}, {"model": "admin.logentry", "pk": 173, "fields": {"action_time": "2020-04-16T20:21:43.790Z", "user": 1, "content_type": 13, "object_id": "9", "object_repr": "HP:100-Attack:20-Type:2", "action_flag": 1, "change_message": "[{\"added\": {}}]"}}, {"model": "admin.logentry", "pk": 174, "fields": {"action_time": "2020-04-16T20:21:48.044Z", "user": 1, "content_type": 13, "object_id": "10", "object_repr": "HP:100-Attack:20-Type:3", "action_flag": 1, "change_message": "[{\"added\": {}}]"}}, {"model": "admin.logentry", "pk": 175, "fields": {"action_time": "2020-04-16T20:22:04.439Z", "user": 1, "content_type": 13, "object_id": "11", "object_repr": "HP:100-Attack:25-Type:1", "action_flag": 1, "change_message": "[{\"added\": {}}]"}}, {"model": "admin.logentry", "pk": 176, "fields": {"action_time": "2020-04-16T20:22:09.432Z", "user": 1, "content_type": 13, "object_id": "12", "object_repr": "HP:100-Attack:25-Type:2", "action_flag": 1, "change_message": "[{\"added\": {}}]"}}, {"model": "admin.logentry", "pk": 177, "fields": {"action_time": "2020-04-16T20:22:13.587Z", "user": 1, "content_type": 13, "object_id": "13", "object_repr": "HP:100-Attack:25-Type:3", "action_flag": 1, "change_message": "[{\"added\": {}}]"}}, {"model": "admin.logentry", "pk": 178, "fields": {"action_time": "2020-04-16T20:22:20.212Z", "user": 1, "content_type": 13, "object_id": "14", "object_repr": "HP:100-Attack:30-Type:1", "action_flag": 1, "change_message": "[{\"added\": {}}]"}}, {"model": "admin.logentry", "pk": 179, "fields": {"action_time": "2020-04-16T20:22:26.849Z", "user": 1, "content_type": 13, "object_id": "15", "object_repr": "HP:100-Attack:30-Type:2", "action_flag": 1, "change_message": "[{\"added\": {}}]"}}, {"model": "admin.logentry", "pk": 180, "fields": {"action_time": "2020-04-16T20:22:31.262Z", "user": 1, "content_type": 13, "object_id": "16", "object_repr": "HP:100-Attack:30-Type:3", "action_flag": 1, "change_message": "[{\"added\": {}}]"}}, {"model": "admin.logentry", "pk": 181, "fields": {"action_time": "2020-04-16T20:24:27.622Z", "user": 1, "content_type": 22, "object_id": "5", "object_repr": "ID:5-Name:NPC 1 - Lv 1 - CZ2006", "action_flag": 1, "change_message": "[{\"added\": {}}, {\"added\": {\"name\": \"questionbank-question relationship\", \"object\": \"QuestionBank_questions object (13)\"}}, {\"added\": {\"name\": \"questionbank-question relationship\", \"object\": \"QuestionBank_questions object (14)\"}}, {\"added\": {\"name\": \"questionbank-question relationship\", \"object\": \"QuestionBank_questions object (15)\"}}, {\"added\": {\"name\": \"questionbank-question relationship\", \"object\": \"QuestionBank_questions object (16)\"}}, {\"added\": {\"name\": \"questionbank-question relationship\", \"object\": \"QuestionBank_questions object (17)\"}}]"}}, {"model": "admin.logentry", "pk": 182, "fields": {"action_time": "2020-04-16T20:25:18.079Z", "user": 1, "content_type": 22, "object_id": "6", "object_repr": "ID:6-Name:NPC 2 - Lv 1 - CZ2006", "action_flag": 1, "change_message": "[{\"added\": {}}, {\"added\": {\"name\": \"questionbank-question relationship\", \"object\": \"QuestionBank_questions object (18)\"}}, {\"added\": {\"name\": \"questionbank-question relationship\", \"object\": \"QuestionBank_questions object (19)\"}}, {\"added\": {\"name\": \"questionbank-question relationship\", \"object\": \"QuestionBank_questions object (20)\"}}, {\"added\": {\"name\": \"questionbank-question relationship\", \"object\": \"QuestionBank_questions object (21)\"}}, {\"added\": {\"name\": \"questionbank-question relationship\", \"object\": \"QuestionBank_questions object (22)\"}}]"}}, {"model": "admin.logentry", "pk": 183, "fields": {"action_time": "2020-04-16T20:25:59.294Z", "user": 1, "content_type": 22, "object_id": "7", "object_repr": "ID:7-Name:NPC 3 - Lv 1 - CZ2006", "action_flag": 1, "change_message": "[{\"added\": {}}, {\"added\": {\"name\": \"questionbank-question relationship\", \"object\": \"QuestionBank_questions object (23)\"}}, {\"added\": {\"name\": \"questionbank-question relationship\", \"object\": \"QuestionBank_questions object (24)\"}}, {\"added\": {\"name\": \"questionbank-question relationship\", \"object\": \"QuestionBank_questions object (25)\"}}, {\"added\": {\"name\": \"questionbank-question relationship\", \"object\": \"QuestionBank_questions object (26)\"}}, {\"added\": {\"name\": \"questionbank-question relationship\", \"object\": \"QuestionBank_questions object (27)\"}}]"}}, {"model": "admin.logentry", "pk": 184, "fields": {"action_time": "2020-04-16T20:26:10.695Z", "user": 1, "content_type": 14, "object_id": "17", "object_repr": "Expedition:(Expedition 6-CZ2006) Section:(CZ2006-Lv:1-Topic:Requirement Engineering)", "action_flag": 2, "change_message": "[{\"added\": {\"name\": \"npc\", \"object\": \"NPC:4-World:(Expedition:(Expedition 6-CZ2006) Section:(CZ2006-Lv:1-Topic:Requirement Engineering))\"}}, {\"added\": {\"name\": \"npc\", \"object\": \"NPC:5-World:(Expedition:(Expedition 6-CZ2006) Section:(CZ2006-Lv:1-Topic:Requirement Engineering))\"}}, {\"added\": {\"name\": \"npc\", \"object\": \"NPC:6-World:(Expedition:(Expedition 6-CZ2006) Section:(CZ2006-Lv:1-Topic:Requirement Engineering))\"}}]"}}, {"model": "admin.logentry", "pk": 185, "fields": {"action_time": "2020-04-16T20:28:08.307Z", "user": 1, "content_type": 22, "object_id": "8", "object_repr": "ID:8-Name:NPC 1 - Lv 2 - CZ2006", "action_flag": 1, "change_message": "[{\"added\": {}}, {\"added\": {\"name\": \"questionbank-question relationship\", \"object\": \"QuestionBank_questions object (28)\"}}, {\"added\": {\"name\": \"questionbank-question relationship\", \"object\": \"QuestionBank_questions object (29)\"}}, {\"added\": {\"name\": \"questionbank-question relationship\", \"object\": \"QuestionBank_questions object (30)\"}}, {\"added\": {\"name\": \"questionbank-question relationship\", \"object\": \"QuestionBank_questions object (31)\"}}, {\"added\": {\"name\": \"questionbank-question relationship\", \"object\": \"QuestionBank_questions object (32)\"}}]"}}, {"model": "admin.logentry", "pk": 186, "fields": {"action_time": "2020-04-16T20:29:04.165Z", "user": 1, "content_type": 22, "object_id": "9", "object_repr": "ID:9-Name:NPC 2 - Lv 2 - CZ2006", "action_flag": 1, "change_message": "[{\"added\": {}}, {\"added\": {\"name\": \"questionbank-question relationship\", \"object\": \"QuestionBank_questions object (33)\"}}, {\"added\": {\"name\": \"questionbank-question relationship\", \"object\": \"QuestionBank_questions object (34)\"}}, {\"added\": {\"name\": \"questionbank-question relationship\", \"object\": \"QuestionBank_questions object (35)\"}}, {\"added\": {\"name\": \"questionbank-question relationship\", \"object\": \"QuestionBank_questions object (36)\"}}, {\"added\": {\"name\": \"questionbank-question relationship\", \"object\": \"QuestionBank_questions object (37)\"}}]"}}, {"model": "admin.logentry", "pk": 187, "fields": {"action_time": "2020-04-16T20:29:09.067Z", "user": 1, "content_type": 14, "object_id": "18", "object_repr": "Expedition:(Expedition 6-CZ2006) Section:(CZ2006-Lv:2-Topic:System Modelling)", "action_flag": 2, "change_message": "[{\"added\": {\"name\": \"npc\", \"object\": \"NPC:7-World:(Expedition:(Expedition 6-CZ2006) Section:(CZ2006-Lv:2-Topic:System Modelling))\"}}, {\"added\": {\"name\": \"npc\", \"object\": \"NPC:8-World:(Expedition:(Expedition 6-CZ2006) Section:(CZ2006-Lv:2-Topic:System Modelling))\"}}]"}}, {"model": "admin.logentry", "pk": 188, "fields": {"action_time": "2020-04-16T20:30:39.555Z", "user": 1, "content_type": 22, "object_id": "10", "object_repr": "ID:10-Name:NPC 1 - Lv 3 - CZ2006", "action_flag": 1, "change_message": "[{\"added\": {}}, {\"added\": {\"name\": \"questionbank-question relationship\", \"object\": \"QuestionBank_questions object (38)\"}}, {\"added\": {\"name\": \"questionbank-question relationship\", \"object\": \"QuestionBank_questions object (39)\"}}, {\"added\": {\"name\": \"questionbank-question relationship\", \"object\": \"QuestionBank_questions object (40)\"}}, {\"added\": {\"name\": \"questionbank-question relationship\", \"object\": \"QuestionBank_questions object (41)\"}}, {\"added\": {\"name\": \"questionbank-question relationship\", \"object\": \"QuestionBank_questions object (42)\"}}]"}}, {"model": "admin.logentry", "pk": 189, "fields": {"action_time": "2020-04-16T20:31:48.141Z", "user": 1, "content_type": 22, "object_id": "11", "object_repr": "ID:11-Name:NPC 2 - Lv 3 - CZ2006", "action_flag": 1, "change_message": "[{\"added\": {}}, {\"added\": {\"name\": \"questionbank-question relationship\", \"object\": \"QuestionBank_questions object (43)\"}}, {\"added\": {\"name\": \"questionbank-question relationship\", \"object\": \"QuestionBank_questions object (44)\"}}, {\"added\": {\"name\": \"questionbank-question relationship\", \"object\": \"QuestionBank_questions object (45)\"}}, {\"added\": {\"name\": \"questionbank-question relationship\", \"object\": \"QuestionBank_questions object (46)\"}}, {\"added\": {\"name\": \"questionbank-question relationship\", \"object\": \"QuestionBank_questions object (47)\"}}]"}}, {"model": "admin.logentry", "pk": 190, "fields": {"action_time": "2020-04-16T20:31:52.542Z", "user": 1, "content_type": 14, "object_id": "19", "object_repr": "Expedition:(Expedition 6-CZ2006) Section:(CZ2006-Lv:3-Topic:Software Design)", "action_flag": 2, "change_message": "[{\"added\": {\"name\": \"npc\", \"object\": \"NPC:9-World:(Expedition:(Expedition 6-CZ2006) Section:(CZ2006-Lv:3-Topic:Software Design))\"}}, {\"added\": {\"name\": \"npc\", \"object\": \"NPC:10-World:(Expedition:(Expedition 6-CZ2006) Section:(CZ2006-Lv:3-Topic:Software Design))\"}}]"}}, {"model": "admin.logentry", "pk": 191, "fields": {"action_time": "2020-04-16T20:33:31.370Z", "user": 1, "content_type": 22, "object_id": "12", "object_repr": "ID:12-Name:NPC 1 - Lv 4 - CZ2006", "action_flag": 1, "change_message": "[{\"added\": {}}, {\"added\": {\"name\": \"questionbank-question relationship\", \"object\": \"QuestionBank_questions object (48)\"}}, {\"added\": {\"name\": \"questionbank-question relationship\", \"object\": \"QuestionBank_questions object (49)\"}}, {\"added\": {\"name\": \"questionbank-question relationship\", \"object\": \"QuestionBank_questions object (50)\"}}, {\"added\": {\"name\": \"questionbank-question relationship\", \"object\": \"QuestionBank_questions object (51)\"}}]"}}, {"model": "admin.logentry", "pk": 192, "fields": {"action_time": "2020-04-16T20:34:41.233Z", "user": 1, "content_type": 22, "object_id": "13", "object_repr": "ID:13-Name:NPC 2 - Lv 4 - CZ2006", "action_flag": 1, "change_message": "[{\"added\": {}}, {\"added\": {\"name\": \"questionbank-question relationship\", \"object\": \"QuestionBank_questions object (52)\"}}, {\"added\": {\"name\": \"questionbank-question relationship\", \"object\": \"QuestionBank_questions object (53)\"}}, {\"added\": {\"name\": \"questionbank-question relationship\", \"object\": \"QuestionBank_questions object (54)\"}}, {\"added\": {\"name\": \"questionbank-question relationship\", \"object\": \"QuestionBank_questions object (55)\"}}]"}}, {"model": "admin.logentry", "pk": 193, "fields": {"action_time": "2020-04-16T20:34:45.285Z", "user": 1, "content_type": 14, "object_id": "20", "object_repr": "Expedition:(Expedition 6-CZ2006) Section:(CZ2006-Lv:4-Topic:Architectural Design)", "action_flag": 2, "change_message": "[{\"added\": {\"name\": \"npc\", \"object\": \"NPC:11-World:(Expedition:(Expedition 6-CZ2006) Section:(CZ2006-Lv:4-Topic:Architectural Design))\"}}, {\"added\": {\"name\": \"npc\", \"object\": \"NPC:12-World:(Expedition:(Expedition 6-CZ2006) Section:(CZ2006-Lv:4-Topic:Architectural Design))\"}}]"}}, {"model": "admin.logentry", "pk": 194, "fields": {"action_time": "2020-04-16T20:35:33.944Z", "user": 1, "content_type": 22, "object_id": "14", "object_repr": "ID:14-Name:NPC 1 - Lv 5 - CZ2006", "action_flag": 1, "change_message": "[{\"added\": {}}, {\"added\": {\"name\": \"questionbank-question relationship\", \"object\": \"QuestionBank_questions object (56)\"}}, {\"added\": {\"name\": \"questionbank-question relationship\", \"object\": \"QuestionBank_questions object (57)\"}}, {\"added\": {\"name\": \"questionbank-question relationship\", \"object\": \"QuestionBank_questions object (58)\"}}, {\"added\": {\"name\": \"questionbank-question relationship\", \"object\": \"QuestionBank_questions object (59)\"}}, {\"added\": {\"name\": \"questionbank-question relationship\", \"object\": \"QuestionBank_questions object (60)\"}}]"}}, {"model": "admin.logentry", "pk": 195, "fields": {"action_time": "2020-04-16T20:36:09.194Z", "user": 1, "content_type": 22, "object_id": "15", "object_repr": "ID:15-Name:NPC 2 - Lv 5 - CZ2006", "action_flag": 1, "change_message": "[{\"added\": {}}, {\"added\": {\"name\": \"questionbank-question relationship\", \"object\": \"QuestionBank_questions object (61)\"}}, {\"added\": {\"name\": \"questionbank-question relationship\", \"object\": \"QuestionBank_questions object (62)\"}}, {\"added\": {\"name\": \"questionbank-question relationship\", \"object\": \"QuestionBank_questions object (63)\"}}, {\"added\": {\"name\": \"questionbank-question relationship\", \"object\": \"QuestionBank_questions object (64)\"}}, {\"added\": {\"name\": \"questionbank-question relationship\", \"object\": \"QuestionBank_questions object (65)\"}}]"}}, {"model": "admin.logentry", "pk": 196, "fields": {"action_time": "2020-04-16T20:36:12.202Z", "user": 1, "content_type": 14, "object_id": "21", "object_repr": "Expedition:(Expedition 6-CZ2006) Section:(CZ2006-Lv:5-Topic:Software Testing)", "action_flag": 2, "change_message": "[{\"added\": {\"name\": \"npc\", \"object\": \"NPC:13-World:(Expedition:(Expedition 6-CZ2006) Section:(CZ2006-Lv:5-Topic:Software Testing))\"}}, {\"added\": {\"name\": \"npc\", \"object\": \"NPC:14-World:(Expedition:(Expedition 6-CZ2006) Section:(CZ2006-Lv:5-Topic:Software Testing))\"}}]"}}, {"model": "admin.logentry", "pk": 197, "fields": {"action_time": "2020-04-17T16:47:22.515Z", "user": 1, "content_type": 14, "object_id": "18", "object_repr": "Expedition:(Expedition 6-CZ2006) Section:(CZ2006-Lv:2-Topic:System Modelling)", "action_flag": 2, "change_message": "[{\"changed\": {\"name\": \"npc\", \"object\": \"NPC:7-World:(Expedition:(Expedition 6-CZ2006) Section:(CZ2006-Lv:2-Topic:System Modelling))\", \"fields\": [\"pos_X\", \"pos_Y\"]}}]"}}, {"model": "admin.logentry", "pk": 198, "fields": {"action_time": "2020-04-17T16:47:56.424Z", "user": 1, "content_type": 14, "object_id": "18", "object_repr": "Expedition:(Expedition 6-CZ2006) Section:(CZ2006-Lv:2-Topic:System Modelling)", "action_flag": 2, "change_message": "[{\"changed\": {\"name\": \"npc\", \"object\": \"NPC:8-World:(Expedition:(Expedition 6-CZ2006) Section:(CZ2006-Lv:2-Topic:System Modelling))\", \"fields\": [\"pos_X\", \"pos_Y\"]}}]"}}, {"model": "admin.logentry", "pk": 199, "fields": {"action_time": "2020-04-17T16:48:52.933Z", "user": 1, "content_type": 14, "object_id": "18", "object_repr": "Expedition:(Expedition 6-CZ2006) Section:(CZ2006-Lv:2-Topic:System Modelling)", "action_flag": 2, "change_message": "[{\"changed\": {\"name\": \"npc\", \"object\": \"NPC:8-World:(Expedition:(Expedition 6-CZ2006) Section:(CZ2006-Lv:2-Topic:System Modelling))\", \"fields\": [\"pos_X\", \"pos_Y\"]}}]"}}, {"model": "admin.logentry", "pk": 200, "fields": {"action_time": "2020-04-17T17:22:26.862Z", "user": 1, "content_type": 14, "object_id": "18", "object_repr": "Expedition:(Expedition 6-CZ2006) Section:(CZ2006-Lv:2-Topic:System Modelling)", "action_flag": 2, "change_message": "[{\"changed\": {\"name\": \"npc\", \"object\": \"NPC:7-World:(Expedition:(Expedition 6-CZ2006) Section:(CZ2006-Lv:2-Topic:System Modelling))\", \"fields\": [\"pos_X\", \"pos_Y\"]}}]"}}, {"model": "admin.logentry", "pk": 201, "fields": {"action_time": "2020-04-19T12:06:34.650Z", "user": 1, "content_type": 21, "object_id": "58", "object_repr": "Sect:(CZ1007-Lv:1-Topic:Stacks)-ID:58-Question:1", "action_flag": 1, "change_message": "[{\"added\": {}}]"}}, {"model": "admin.logentry", "pk": 202, "fields": {"action_time": "2020-04-19T12:07:19.125Z", "user": 1, "content_type": 21, "object_id": "59", "object_repr": "Sect:(CZ1007-Lv:1-Topic:Stacks)-ID:59-Question:2", "action_flag": 1, "change_message": "[{\"added\": {}}]"}}, {"model": "admin.logentry", "pk": 203, "fields": {"action_time": "2020-04-19T12:07:46.875Z", "user": 1, "content_type": 21, "object_id": "60", "object_repr": "Sect:(CZ1007-Lv:1-Topic:Stacks)-ID:60-Question:3", "action_flag": 1, "change_message": "[{\"added\": {}}]"}}, {"model": "admin.logentry", "pk": 204, "fields": {"action_time": "2020-04-19T12:08:09.529Z", "user": 1, "content_type": 21, "object_id": "61", "object_repr": "Sect:(CZ1007-Lv:1-Topic:Stacks)-ID:61-Question:4", "action_flag": 1, "change_message": "[{\"added\": {}}]"}}, {"model": "admin.logentry", "pk": 205, "fields": {"action_time": "2020-04-19T12:08:37.440Z", "user": 1, "content_type": 21, "object_id": "62", "object_repr": "Sect:(CZ1007-Lv:1-Topic:Stacks)-ID:62-Question:5", "action_flag": 1, "change_message": "[{\"added\": {}}]"}}, {"model": "admin.logentry", "pk": 206, "fields": {"action_time": "2020-04-19T12:09:01.467Z", "user": 1, "content_type": 21, "object_id": "63", "object_repr": "Sect:(CZ1007-Lv:1-Topic:Stacks)-ID:63-Question:6", "action_flag": 1, "change_message": "[{\"added\": {}}]"}}, {"model": "admin.logentry", "pk": 207, "fields": {"action_time": "2020-04-19T12:09:21.598Z", "user": 1, "content_type": 21, "object_id": "64", "object_repr": "Sect:(CZ1007-Lv:1-Topic:Stacks)-ID:64-Question:7", "action_flag": 1, "change_message": "[{\"added\": {}}]"}}, {"model": "admin.logentry", "pk": 208, "fields": {"action_time": "2020-04-19T12:09:39.002Z", "user": 1, "content_type": 21, "object_id": "65", "object_repr": "Sect:(CZ1007-Lv:1-Topic:Stacks)-ID:65-Question:8", "action_flag": 1, "change_message": "[{\"added\": {}}]"}}, {"model": "admin.logentry", "pk": 209, "fields": {"action_time": "2020-04-19T12:10:02.447Z", "user": 1, "content_type": 21, "object_id": "66", "object_repr": "Sect:(CZ1007-Lv:1-Topic:Stacks)-ID:66-Question:9", "action_flag": 1, "change_message": "[{\"added\": {}}]"}}, {"model": "admin.logentry", "pk": 210, "fields": {"action_time": "2020-04-19T12:10:23.351Z", "user": 1, "content_type": 21, "object_id": "67", "object_repr": "Sect:(CZ1007-Lv:1-Topic:Stacks)-ID:67-Question:10", "action_flag": 1, "change_message": "[{\"added\": {}}]"}}, {"model": "admin.logentry", "pk": 211, "fields": {"action_time": "2020-04-19T12:10:55.026Z", "user": 1, "content_type": 21, "object_id": "68", "object_repr": "Sect:(CZ1007-Lv:2-Topic:Arrays Types)-ID:68-Question:1", "action_flag": 1, "change_message": "[{\"added\": {}}]"}}, {"model": "admin.logentry", "pk": 212, "fields": {"action_time": "2020-04-19T12:11:15.952Z", "user": 1, "content_type": 21, "object_id": "69", "object_repr": "Sect:(CZ1007-Lv:2-Topic:Arrays Types)-ID:69-Question:2", "action_flag": 1, "change_message": "[{\"added\": {}}]"}}, {"model": "admin.logentry", "pk": 213, "fields": {"action_time": "2020-04-19T12:11:37.086Z", "user": 1, "content_type": 21, "object_id": "70", "object_repr": "Sect:(CZ1007-Lv:2-Topic:Arrays Types)-ID:70-Question:3", "action_flag": 1, "change_message": "[{\"added\": {}}]"}}, {"model": "admin.logentry", "pk": 214, "fields": {"action_time": "2020-04-19T12:11:59.739Z", "user": 1, "content_type": 21, "object_id": "71", "object_repr": "Sect:(CZ1007-Lv:2-Topic:Arrays Types)-ID:71-Question:4", "action_flag": 1, "change_message": "[{\"added\": {}}]"}}, {"model": "admin.logentry", "pk": 215, "fields": {"action_time": "2020-04-19T12:12:20.304Z", "user": 1, "content_type": 21, "object_id": "72", "object_repr": "Sect:(CZ1007-Lv:2-Topic:Arrays Types)-ID:72-Question:5", "action_flag": 1, "change_message": "[{\"added\": {}}]"}}, {"model": "admin.logentry", "pk": 216, "fields": {"action_time": "2020-04-19T12:12:45.943Z", "user": 1, "content_type": 21, "object_id": "73", "object_repr": "Sect:(CZ1007-Lv:2-Topic:Arrays Types)-ID:73-Question:6", "action_flag": 1, "change_message": "[{\"added\": {}}]"}}, {"model": "admin.logentry", "pk": 217, "fields": {"action_time": "2020-04-19T12:13:47.623Z", "user": 1, "content_type": 21, "object_id": "74", "object_repr": "Sect:(CZ1007-Lv:2-Topic:Arrays Types)-ID:74-Question:7", "action_flag": 1, "change_message": "[{\"added\": {}}]"}}, {"model": "admin.logentry", "pk": 218, "fields": {"action_time": "2020-04-19T12:14:13.921Z", "user": 1, "content_type": 21, "object_id": "75", "object_repr": "Sect:(CZ1007-Lv:2-Topic:Arrays Types)-ID:75-Question:8", "action_flag": 1, "change_message": "[{\"added\": {}}]"}}, {"model": "admin.logentry", "pk": 219, "fields": {"action_time": "2020-04-19T12:14:39.438Z", "user": 1, "content_type": 21, "object_id": "76", "object_repr": "Sect:(CZ1007-Lv:2-Topic:Arrays Types)-ID:76-Question:9", "action_flag": 1, "change_message": "[{\"added\": {}}]"}}, {"model": "admin.logentry", "pk": 220, "fields": {"action_time": "2020-04-19T12:15:06.341Z", "user": 1, "content_type": 21, "object_id": "77", "object_repr": "Sect:(CZ1007-Lv:2-Topic:Arrays Types)-ID:77-Question:10", "action_flag": 1, "change_message": "[{\"added\": {}}]"}}, {"model": "admin.logentry", "pk": 221, "fields": {"action_time": "2020-04-19T12:15:34.366Z", "user": 1, "content_type": 21, "object_id": "78", "object_repr": "Sect:(CZ1007-Lv:2-Topic:Arrays Types)-ID:78-Question:1", "action_flag": 1, "change_message": "[{\"added\": {}}]"}}, {"model": "admin.logentry", "pk": 222, "fields": {"action_time": "2020-04-19T12:16:14.228Z", "user": 1, "content_type": 21, "object_id": "78", "object_repr": "Sect:(CZ1007-Lv:3-Topic:Trees)-ID:78-Question:1", "action_flag": 2, "change_message": "[{\"changed\": {\"fields\": [\"section\"]}}]"}}, {"model": "admin.logentry", "pk": 223, "fields": {"action_time": "2020-04-19T12:16:25.470Z", "user": 1, "content_type": 21, "object_id": "79", "object_repr": "Sect:(CZ1007-Lv:3-Topic:Trees)-ID:79-Question:2", "action_flag": 1, "change_message": "[{\"added\": {}}]"}}, {"model": "admin.logentry", "pk": 224, "fields": {"action_time": "2020-04-19T12:16:49.795Z", "user": 1, "content_type": 21, "object_id": "80", "object_repr": "Sect:(CZ1007-Lv:3-Topic:Trees)-ID:80-Question:3", "action_flag": 1, "change_message": "[{\"added\": {}}]"}}, {"model": "admin.logentry", "pk": 225, "fields": {"action_time": "2020-04-19T12:17:29.665Z", "user": 1, "content_type": 21, "object_id": "81", "object_repr": "Sect:(CZ1007-Lv:3-Topic:Trees)-ID:81-Question:4", "action_flag": 1, "change_message": "[{\"added\": {}}]"}}, {"model": "admin.logentry", "pk": 226, "fields": {"action_time": "2020-04-19T12:17:54.343Z", "user": 1, "content_type": 21, "object_id": "82", "object_repr": "Sect:(CZ1007-Lv:3-Topic:Trees)-ID:82-Question:5", "action_flag": 1, "change_message": "[{\"added\": {}}]"}}, {"model": "admin.logentry", "pk": 227, "fields": {"action_time": "2020-04-19T12:18:21.104Z", "user": 1, "content_type": 21, "object_id": "83", "object_repr": "Sect:(CZ1007-Lv:3-Topic:Trees)-ID:83-Question:6", "action_flag": 1, "change_message": "[{\"added\": {}}]"}}, {"model": "admin.logentry", "pk": 228, "fields": {"action_time": "2020-04-19T12:18:42.911Z", "user": 1, "content_type": 21, "object_id": "84", "object_repr": "Sect:(CZ1007-Lv:3-Topic:Trees)-ID:84-Question:7", "action_flag": 1, "change_message": "[{\"added\": {}}]"}}, {"model": "admin.logentry", "pk": 229, "fields": {"action_time": "2020-04-19T12:19:12.106Z", "user": 1, "content_type": 21, "object_id": "85", "object_repr": "Sect:(CZ1007-Lv:3-Topic:Trees)-ID:85-Question:8", "action_flag": 1, "change_message": "[{\"added\": {}}]"}}, {"model": "admin.logentry", "pk": 230, "fields": {"action_time": "2020-04-19T12:19:37.821Z", "user": 1, "content_type": 21, "object_id": "86", "object_repr": "Sect:(CZ1007-Lv:3-Topic:Trees)-ID:86-Question:9", "action_flag": 1, "change_message": "[{\"added\": {}}]"}}, {"model": "admin.logentry", "pk": 231, "fields": {"action_time": "2020-04-19T12:20:07.140Z", "user": 1, "content_type": 21, "object_id": "87", "object_repr": "Sect:(CZ1007-Lv:3-Topic:Trees)-ID:87-Question:10", "action_flag": 1, "change_message": "[{\"added\": {}}]"}}, {"model": "admin.logentry", "pk": 232, "fields": {"action_time": "2020-04-19T12:20:35.788Z", "user": 1, "content_type": 21, "object_id": "88", "object_repr": "Sect:(CZ1007-Lv:4-Topic:Heap)-ID:88-Question:1", "action_flag": 1, "change_message": "[{\"added\": {}}]"}}, {"model": "admin.logentry", "pk": 233, "fields": {"action_time": "2020-04-19T12:21:02.233Z", "user": 1, "content_type": 21, "object_id": "89", "object_repr": "Sect:(CZ1007-Lv:4-Topic:Heap)-ID:89-Question:2", "action_flag": 1, "change_message": "[{\"added\": {}}]"}}, {"model": "admin.logentry", "pk": 234, "fields": {"action_time": "2020-04-19T12:21:24.131Z", "user": 1, "content_type": 21, "object_id": "90", "object_repr": "Sect:(CZ1007-Lv:4-Topic:Heap)-ID:90-Question:3", "action_flag": 1, "change_message": "[{\"added\": {}}]"}}, {"model": "admin.logentry", "pk": 235, "fields": {"action_time": "2020-04-19T12:21:50.738Z", "user": 1, "content_type": 21, "object_id": "91", "object_repr": "Sect:(CZ1007-Lv:4-Topic:Heap)-ID:91-Question:4", "action_flag": 1, "change_message": "[{\"added\": {}}]"}}, {"model": "admin.logentry", "pk": 236, "fields": {"action_time": "2020-04-19T12:22:14.083Z", "user": 1, "content_type": 21, "object_id": "92", "object_repr": "Sect:(CZ1007-Lv:4-Topic:Heap)-ID:92-Question:5", "action_flag": 1, "change_message": "[{\"added\": {}}]"}}, {"model": "admin.logentry", "pk": 237, "fields": {"action_time": "2020-04-19T12:22:37.446Z", "user": 1, "content_type": 21, "object_id": "93", "object_repr": "Sect:(CZ1007-Lv:4-Topic:Heap)-ID:93-Question:6", "action_flag": 1, "change_message": "[{\"added\": {}}]"}}, {"model": "admin.logentry", "pk": 238, "fields": {"action_time": "2020-04-19T12:23:16.560Z", "user": 1, "content_type": 21, "object_id": "94", "object_repr": "Sect:(CZ1007-Lv:4-Topic:Heap)-ID:94-Question:7", "action_flag": 1, "change_message": "[{\"added\": {}}]"}}, {"model": "admin.logentry", "pk": 239, "fields": {"action_time": "2020-04-19T12:23:43.753Z", "user": 1, "content_type": 21, "object_id": "95", "object_repr": "Sect:(CZ1007-Lv:4-Topic:Heap)-ID:95-Question:8", "action_flag": 1, "change_message": "[{\"added\": {}}]"}}, {"model": "admin.logentry", "pk": 240, "fields": {"action_time": "2020-04-19T12:24:11.591Z", "user": 1, "content_type": 21, "object_id": "96", "object_repr": "Sect:(CZ1007-Lv:4-Topic:Heap)-ID:96-Question:9", "action_flag": 1, "change_message": "[{\"added\": {}}]"}}, {"model": "admin.logentry", "pk": 241, "fields": {"action_time": "2020-04-19T12:24:36.467Z", "user": 1, "content_type": 21, "object_id": "97", "object_repr": "Sect:(CZ1007-Lv:4-Topic:Heap)-ID:97-Question:10", "action_flag": 1, "change_message": "[{\"added\": {}}]"}}, {"model": "admin.logentry", "pk": 242, "fields": {"action_time": "2020-04-19T12:25:07.770Z", "user": 1, "content_type": 21, "object_id": "98", "object_repr": "Sect:(CZ1007-Lv:5-Topic:Hash Tables)-ID:98-Question:1", "action_flag": 1, "change_message": "[{\"added\": {}}]"}}, {"model": "admin.logentry", "pk": 243, "fields": {"action_time": "2020-04-19T12:25:25.855Z", "user": 1, "content_type": 21, "object_id": "99", "object_repr": "Sect:(CZ1007-Lv:5-Topic:Hash Tables)-ID:99-Question:2", "action_flag": 1, "change_message": "[{\"added\": {}}]"}}, {"model": "admin.logentry", "pk": 244, "fields": {"action_time": "2020-04-19T12:25:47.955Z", "user": 1, "content_type": 21, "object_id": "100", "object_repr": "Sect:(CZ1007-Lv:5-Topic:Hash Tables)-ID:100-Question:3", "action_flag": 1, "change_message": "[{\"added\": {}}]"}}, {"model": "admin.logentry", "pk": 245, "fields": {"action_time": "2020-04-19T12:26:07.207Z", "user": 1, "content_type": 21, "object_id": "101", "object_repr": "Sect:(CZ1007-Lv:5-Topic:Hash Tables)-ID:101-Question:4", "action_flag": 1, "change_message": "[{\"added\": {}}]"}}, {"model": "admin.logentry", "pk": 246, "fields": {"action_time": "2020-04-19T12:26:28.850Z", "user": 1, "content_type": 21, "object_id": "102", "object_repr": "Sect:(CZ1007-Lv:5-Topic:Hash Tables)-ID:102-Question:5", "action_flag": 1, "change_message": "[{\"added\": {}}]"}}, {"model": "admin.logentry", "pk": 247, "fields": {"action_time": "2020-04-19T12:26:49.856Z", "user": 1, "content_type": 21, "object_id": "103", "object_repr": "Sect:(CZ1007-Lv:5-Topic:Hash Tables)-ID:103-Question:6", "action_flag": 1, "change_message": "[{\"added\": {}}]"}}, {"model": "admin.logentry", "pk": 248, "fields": {"action_time": "2020-04-19T12:46:21.060Z", "user": 1, "content_type": 21, "object_id": "104", "object_repr": "Sect:(CZ1007-Lv:5-Topic:Hash Tables)-ID:104-Question:7", "action_flag": 1, "change_message": "[{\"added\": {}}]"}}, {"model": "admin.logentry", "pk": 249, "fields": {"action_time": "2020-04-19T12:46:40.977Z", "user": 1, "content_type": 21, "object_id": "105", "object_repr": "Sect:(CZ1007-Lv:5-Topic:Hash Tables)-ID:105-Question:8", "action_flag": 1, "change_message": "[{\"added\": {}}]"}}, {"model": "admin.logentry", "pk": 250, "fields": {"action_time": "2020-04-19T12:47:08.663Z", "user": 1, "content_type": 21, "object_id": "106", "object_repr": "Sect:(CZ1007-Lv:5-Topic:Hash Tables)-ID:106-Question:9", "action_flag": 1, "change_message": "[{\"added\": {}}]"}}, {"model": "admin.logentry", "pk": 251, "fields": {"action_time": "2020-04-19T12:47:31.461Z", "user": 1, "content_type": 21, "object_id": "107", "object_repr": "Sect:(CZ1007-Lv:5-Topic:Hash Tables)-ID:107-Question:10", "action_flag": 1, "change_message": "[{\"added\": {}}]"}}, {"model": "admin.logentry", "pk": 252, "fields": {"action_time": "2020-04-19T12:47:58.759Z", "user": 1, "content_type": 21, "object_id": "108", "object_repr": "Sect:(CZ1007-Lv:6-Topic:Graph)-ID:108-Question:1", "action_flag": 1, "change_message": "[{\"added\": {}}]"}}, {"model": "admin.logentry", "pk": 253, "fields": {"action_time": "2020-04-19T12:48:12.203Z", "user": 1, "content_type": 21, "object_id": "109", "object_repr": "Sect:(CZ1007-Lv:6-Topic:Graph)-ID:109-Question:2", "action_flag": 1, "change_message": "[{\"added\": {}}]"}}, {"model": "admin.logentry", "pk": 254, "fields": {"action_time": "2020-04-19T12:48:34.273Z", "user": 1, "content_type": 21, "object_id": "110", "object_repr": "Sect:(CZ1007-Lv:6-Topic:Graph)-ID:110-Question:3", "action_flag": 1, "change_message": "[{\"added\": {}}]"}}, {"model": "admin.logentry", "pk": 255, "fields": {"action_time": "2020-04-19T12:48:54.775Z", "user": 1, "content_type": 21, "object_id": "111", "object_repr": "Sect:(CZ1007-Lv:6-Topic:Graph)-ID:111-Question:4", "action_flag": 1, "change_message": "[{\"added\": {}}]"}}, {"model": "admin.logentry", "pk": 256, "fields": {"action_time": "2020-04-19T12:49:13.187Z", "user": 1, "content_type": 21, "object_id": "112", "object_repr": "Sect:(CZ1007-Lv:6-Topic:Graph)-ID:112-Question:5", "action_flag": 1, "change_message": "[{\"added\": {}}]"}}, {"model": "admin.logentry", "pk": 257, "fields": {"action_time": "2020-04-19T12:49:43.647Z", "user": 1, "content_type": 21, "object_id": "113", "object_repr": "Sect:(CZ1007-Lv:6-Topic:Graph)-ID:113-Question:6", "action_flag": 1, "change_message": "[{\"added\": {}}]"}}, {"model": "admin.logentry", "pk": 258, "fields": {"action_time": "2020-04-19T12:50:05.332Z", "user": 1, "content_type": 21, "object_id": "114", "object_repr": "Sect:(CZ1007-Lv:6-Topic:Graph)-ID:114-Question:7", "action_flag": 1, "change_message": "[{\"added\": {}}]"}}, {"model": "admin.logentry", "pk": 259, "fields": {"action_time": "2020-04-19T12:50:24.590Z", "user": 1, "content_type": 21, "object_id": "115", "object_repr": "Sect:(CZ1007-Lv:6-Topic:Graph)-ID:115-Question:8", "action_flag": 1, "change_message": "[{\"added\": {}}]"}}, {"model": "admin.logentry", "pk": 260, "fields": {"action_time": "2020-04-19T12:50:44.899Z", "user": 1, "content_type": 21, "object_id": "116", "object_repr": "Sect:(CZ1007-Lv:6-Topic:Graph)-ID:116-Question:9", "action_flag": 1, "change_message": "[{\"added\": {}}]"}}, {"model": "admin.logentry", "pk": 261, "fields": {"action_time": "2020-04-19T12:51:04.401Z", "user": 1, "content_type": 21, "object_id": "117", "object_repr": "Sect:(CZ1007-Lv:6-Topic:Graph)-ID:117-Question:10", "action_flag": 1, "change_message": "[{\"added\": {}}]"}}, {"model": "admin.logentry", "pk": 262, "fields": {"action_time": "2020-04-19T12:53:50.456Z", "user": 1, "content_type": 22, "object_id": "16", "object_repr": "ID:16-Name:NPC 1 - Lv 1 - CZ1007", "action_flag": 1, "change_message": "[{\"added\": {}}, {\"added\": {\"name\": \"questionbank-question relationship\", \"object\": \"QuestionBank_questions object (66)\"}}, {\"added\": {\"name\": \"questionbank-question relationship\", \"object\": \"QuestionBank_questions object (67)\"}}, {\"added\": {\"name\": \"questionbank-question relationship\", \"object\": \"QuestionBank_questions object (68)\"}}, {\"added\": {\"name\": \"questionbank-question relationship\", \"object\": \"QuestionBank_questions object (69)\"}}, {\"added\": {\"name\": \"questionbank-question relationship\", \"object\": \"QuestionBank_questions object (70)\"}}]"}}, {"model": "admin.logentry", "pk": 263, "fields": {"action_time": "2020-04-19T12:54:57.714Z", "user": 1, "content_type": 22, "object_id": "17", "object_repr": "ID:17-Name:NPC 2 - Lv 1 - CZ1007", "action_flag": 1, "change_message": "[{\"added\": {}}, {\"added\": {\"name\": \"questionbank-question relationship\", \"object\": \"QuestionBank_questions object (71)\"}}, {\"added\": {\"name\": \"questionbank-question relationship\", \"object\": \"QuestionBank_questions object (72)\"}}, {\"added\": {\"name\": \"questionbank-question relationship\", \"object\": \"QuestionBank_questions object (73)\"}}, {\"added\": {\"name\": \"questionbank-question relationship\", \"object\": \"QuestionBank_questions object (74)\"}}, {\"added\": {\"name\": \"questionbank-question relationship\", \"object\": \"QuestionBank_questions object (75)\"}}]"}}, {"model": "admin.logentry", "pk": 264, "fields": {"action_time": "2020-04-19T12:55:03.439Z", "user": 1, "content_type": 14, "object_id": "22", "object_repr": "Expedition:(Expedition 7-CZ1007) Section:(CZ1007-Lv:1-Topic:Stacks)", "action_flag": 2, "change_message": "[{\"added\": {\"name\": \"npc\", \"object\": \"NPC:15-World:(Expedition:(Expedition 7-CZ1007) Section:(CZ1007-Lv:1-Topic:Stacks))\"}}, {\"added\": {\"name\": \"npc\", \"object\": \"NPC:16-World:(Expedition:(Expedition 7-CZ1007) Section:(CZ1007-Lv:1-Topic:Stacks))\"}}]"}}, {"model": "admin.logentry", "pk": 265, "fields": {"action_time": "2020-04-19T12:56:19.900Z", "user": 1, "content_type": 22, "object_id": "18", "object_repr": "ID:18-Name:NPC 1 - Lv 2 - CZ1007", "action_flag": 1, "change_message": "[{\"added\": {}}, {\"added\": {\"name\": \"questionbank-question relationship\", \"object\": \"QuestionBank_questions object (76)\"}}, {\"added\": {\"name\": \"questionbank-question relationship\", \"object\": \"QuestionBank_questions object (77)\"}}, {\"added\": {\"name\": \"questionbank-question relationship\", \"object\": \"QuestionBank_questions object (78)\"}}, {\"added\": {\"name\": \"questionbank-question relationship\", \"object\": \"QuestionBank_questions object (79)\"}}, {\"added\": {\"name\": \"questionbank-question relationship\", \"object\": \"QuestionBank_questions object (80)\"}}]"}}, {"model": "admin.logentry", "pk": 266, "fields": {"action_time": "2020-04-19T12:57:31.898Z", "user": 1, "content_type": 22, "object_id": "19", "object_repr": "ID:19-Name:NPC 2 - Lv 2 - CZ1007", "action_flag": 1, "change_message": "[{\"added\": {}}, {\"added\": {\"name\": \"questionbank-question relationship\", \"object\": \"QuestionBank_questions object (81)\"}}, {\"added\": {\"name\": \"questionbank-question relationship\", \"object\": \"QuestionBank_questions object (82)\"}}, {\"added\": {\"name\": \"questionbank-question relationship\", \"object\": \"QuestionBank_questions object (83)\"}}, {\"added\": {\"name\": \"questionbank-question relationship\", \"object\": \"QuestionBank_questions object (84)\"}}, {\"added\": {\"name\": \"questionbank-question relationship\", \"object\": \"QuestionBank_questions object (85)\"}}]"}}, {"model": "admin.logentry", "pk": 267, "fields": {"action_time": "2020-04-19T12:57:36.738Z", "user": 1, "content_type": 14, "object_id": "23", "object_repr": "Expedition:(Expedition 7-CZ1007) Section:(CZ1007-Lv:2-Topic:Arrays Types)", "action_flag": 2, "change_message": "[{\"added\": {\"name\": \"npc\", \"object\": \"NPC:17-World:(Expedition:(Expedition 7-CZ1007) Section:(CZ1007-Lv:2-Topic:Arrays Types))\"}}, {\"added\": {\"name\": \"npc\", \"object\": \"NPC:18-World:(Expedition:(Expedition 7-CZ1007) Section:(CZ1007-Lv:2-Topic:Arrays Types))\"}}]"}}, {"model": "admin.logentry", "pk": 268, "fields": {"action_time": "2020-04-19T12:59:47.321Z", "user": 1, "content_type": 22, "object_id": "20", "object_repr": "ID:20-Name:NPC 1 - Lv 3 - CZ1007", "action_flag": 1, "change_message": "[{\"added\": {}}, {\"added\": {\"name\": \"questionbank-question relationship\", \"object\": \"QuestionBank_questions object (86)\"}}, {\"added\": {\"name\": \"questionbank-question relationship\", \"object\": \"QuestionBank_questions object (87)\"}}, {\"added\": {\"name\": \"questionbank-question relationship\", \"object\": \"QuestionBank_questions object (88)\"}}, {\"added\": {\"name\": \"questionbank-question relationship\", \"object\": \"QuestionBank_questions object (89)\"}}, {\"added\": {\"name\": \"questionbank-question relationship\", \"object\": \"QuestionBank_questions object (90)\"}}]"}}, {"model": "admin.logentry", "pk": 269, "fields": {"action_time": "2020-04-19T13:01:47.498Z", "user": 1, "content_type": 22, "object_id": "21", "object_repr": "ID:21-Name:NPC 2 - Lv 3 - CZ1007", "action_flag": 1, "change_message": "[{\"added\": {}}, {\"added\": {\"name\": \"questionbank-question relationship\", \"object\": \"QuestionBank_questions object (91)\"}}, {\"added\": {\"name\": \"questionbank-question relationship\", \"object\": \"QuestionBank_questions object (92)\"}}, {\"added\": {\"name\": \"questionbank-question relationship\", \"object\": \"QuestionBank_questions object (93)\"}}, {\"added\": {\"name\": \"questionbank-question relationship\", \"object\": \"QuestionBank_questions object (94)\"}}, {\"added\": {\"name\": \"questionbank-question relationship\", \"object\": \"QuestionBank_questions object (95)\"}}]"}}, {"model": "admin.logentry", "pk": 270, "fields": {"action_time": "2020-04-19T13:01:51.587Z", "user": 1, "content_type": 14, "object_id": "24", "object_repr": "Expedition:(Expedition 7-CZ1007) Section:(CZ1007-Lv:3-Topic:Trees)", "action_flag": 2, "change_message": "[{\"added\": {\"name\": \"npc\", \"object\": \"NPC:19-World:(Expedition:(Expedition 7-CZ1007) Section:(CZ1007-Lv:3-Topic:Trees))\"}}, {\"added\": {\"name\": \"npc\", \"object\": \"NPC:20-World:(Expedition:(Expedition 7-CZ1007) Section:(CZ1007-Lv:3-Topic:Trees))\"}}]"}}, {"model": "admin.logentry", "pk": 271, "fields": {"action_time": "2020-04-19T13:03:31.519Z", "user": 1, "content_type": 22, "object_id": "22", "object_repr": "ID:22-Name:NPC 1 - Lv 4 - CZ1007", "action_flag": 1, "change_message": "[{\"added\": {}}, {\"added\": {\"name\": \"questionbank-question relationship\", \"object\": \"QuestionBank_questions object (96)\"}}, {\"added\": {\"name\": \"questionbank-question relationship\", \"object\": \"QuestionBank_questions object (97)\"}}, {\"added\": {\"name\": \"questionbank-question relationship\", \"object\": \"QuestionBank_questions object (98)\"}}, {\"added\": {\"name\": \"questionbank-question relationship\", \"object\": \"QuestionBank_questions object (99)\"}}, {\"added\": {\"name\": \"questionbank-question relationship\", \"object\": \"QuestionBank_questions object (100)\"}}]"}}, {"model": "admin.logentry", "pk": 272, "fields": {"action_time": "2020-04-19T13:04:44.544Z", "user": 1, "content_type": 22, "object_id": "23", "object_repr": "ID:23-Name:NPC 2 - Lv 4 - CZ1007", "action_flag": 1, "change_message": "[{\"added\": {}}, {\"added\": {\"name\": \"questionbank-question relationship\", \"object\": \"QuestionBank_questions object (101)\"}}, {\"added\": {\"name\": \"questionbank-question relationship\", \"object\": \"QuestionBank_questions object (102)\"}}, {\"added\": {\"name\": \"questionbank-question relationship\", \"object\": \"QuestionBank_questions object (103)\"}}, {\"added\": {\"name\": \"questionbank-question relationship\", \"object\": \"QuestionBank_questions object (104)\"}}, {\"added\": {\"name\": \"questionbank-question relationship\", \"object\": \"QuestionBank_questions object (105)\"}}]"}}, {"model": "admin.logentry", "pk": 273, "fields": {"action_time": "2020-04-19T13:04:47.928Z", "user": 1, "content_type": 14, "object_id": "25", "object_repr": "Expedition:(Expedition 7-CZ1007) Section:(CZ1007-Lv:4-Topic:Heap)", "action_flag": 2, "change_message": "[{\"added\": {\"name\": \"npc\", \"object\": \"NPC:21-World:(Expedition:(Expedition 7-CZ1007) Section:(CZ1007-Lv:4-Topic:Heap))\"}}, {\"added\": {\"name\": \"npc\", \"object\": \"NPC:22-World:(Expedition:(Expedition 7-CZ1007) Section:(CZ1007-Lv:4-Topic:Heap))\"}}]"}}, {"model": "admin.logentry", "pk": 274, "fields": {"action_time": "2020-04-19T13:11:29.488Z", "user": 1, "content_type": 22, "object_id": "24", "object_repr": "ID:24-Name:NPC 1 - Lv 5 - CZ1007", "action_flag": 1, "change_message": "[{\"added\": {}}, {\"added\": {\"name\": \"questionbank-question relationship\", \"object\": \"QuestionBank_questions object (106)\"}}, {\"added\": {\"name\": \"questionbank-question relationship\", \"object\": \"QuestionBank_questions object (107)\"}}, {\"added\": {\"name\": \"questionbank-question relationship\", \"object\": \"QuestionBank_questions object (108)\"}}, {\"added\": {\"name\": \"questionbank-question relationship\", \"object\": \"QuestionBank_questions object (109)\"}}, {\"added\": {\"name\": \"questionbank-question relationship\", \"object\": \"QuestionBank_questions object (110)\"}}]"}}, {"model": "admin.logentry", "pk": 275, "fields": {"action_time": "2020-04-19T13:12:18.683Z", "user": 1, "content_type": 22, "object_id": "25", "object_repr": "ID:25-Name:NPC 2 - Lv 5 - CZ1007", "action_flag": 1, "change_message": "[{\"added\": {}}, {\"added\": {\"name\": \"questionbank-question relationship\", \"object\": \"QuestionBank_questions object (111)\"}}, {\"added\": {\"name\": \"questionbank-question relationship\", \"object\": \"QuestionBank_questions object (112)\"}}, {\"added\": {\"name\": \"questionbank-question relationship\", \"object\": \"QuestionBank_questions object (113)\"}}, {\"added\": {\"name\": \"questionbank-question relationship\", \"object\": \"QuestionBank_questions object (114)\"}}, {\"added\": {\"name\": \"questionbank-question relationship\", \"object\": \"QuestionBank_questions object (115)\"}}]"}}, {"model": "admin.logentry", "pk": 276, "fields": {"action_time": "2020-04-19T13:12:21.952Z", "user": 1, "content_type": 14, "object_id": "26", "object_repr": "Expedition:(Expedition 7-CZ1007) Section:(CZ1007-Lv:5-Topic:Hash Tables)", "action_flag": 2, "change_message": "[{\"added\": {\"name\": \"npc\", \"object\": \"NPC:23-World:(Expedition:(Expedition 7-CZ1007) Section:(CZ1007-Lv:5-Topic:Hash Tables))\"}}, {\"added\": {\"name\": \"npc\", \"object\": \"NPC:24-World:(Expedition:(Expedition 7-CZ1007) Section:(CZ1007-Lv:5-Topic:Hash Tables))\"}}]"}}, {"model": "admin.logentry", "pk": 277, "fields": {"action_time": "2020-04-19T13:13:23.659Z", "user": 1, "content_type": 22, "object_id": "26", "object_repr": "ID:26-Name:NPC 1 - Lv 6 - CZ1007", "action_flag": 1, "change_message": "[{\"added\": {}}, {\"added\": {\"name\": \"questionbank-question relationship\", \"object\": \"QuestionBank_questions object (116)\"}}, {\"added\": {\"name\": \"questionbank-question relationship\", \"object\": \"QuestionBank_questions object (117)\"}}, {\"added\": {\"name\": \"questionbank-question relationship\", \"object\": \"QuestionBank_questions object (118)\"}}, {\"added\": {\"name\": \"questionbank-question relationship\", \"object\": \"QuestionBank_questions object (119)\"}}, {\"added\": {\"name\": \"questionbank-question relationship\", \"object\": \"QuestionBank_questions object (120)\"}}]"}}, {"model": "admin.logentry", "pk": 278, "fields": {"action_time": "2020-04-19T13:14:03.699Z", "user": 1, "content_type": 22, "object_id": "27", "object_repr": "ID:27-Name:NPC 2 - Lv 6 - CZ1007", "action_flag": 1, "change_message": "[{\"added\": {}}, {\"added\": {\"name\": \"questionbank-question relationship\", \"object\": \"QuestionBank_questions object (121)\"}}, {\"added\": {\"name\": \"questionbank-question relationship\", \"object\": \"QuestionBank_questions object (122)\"}}, {\"added\": {\"name\": \"questionbank-question relationship\", \"object\": \"QuestionBank_questions object (123)\"}}, {\"added\": {\"name\": \"questionbank-question relationship\", \"object\": \"QuestionBank_questions object (124)\"}}, {\"added\": {\"name\": \"questionbank-question relationship\", \"object\": \"QuestionBank_questions object (125)\"}}]"}}, {"model": "admin.logentry", "pk": 279, "fields": {"action_time": "2020-04-19T13:14:07.430Z", "user": 1, "content_type": 14, "object_id": "27", "object_repr": "Expedition:(Expedition 7-CZ1007) Section:(CZ1007-Lv:6-Topic:Graph)", "action_flag": 2, "change_message": "[{\"added\": {\"name\": \"npc\", \"object\": \"NPC:25-World:(Expedition:(Expedition 7-CZ1007) Section:(CZ1007-Lv:6-Topic:Graph))\"}}, {\"added\": {\"name\": \"npc\", \"object\": \"NPC:26-World:(Expedition:(Expedition 7-CZ1007) Section:(CZ1007-Lv:6-Topic:Graph))\"}}]"}}]